brands,name,type,color,makeup
M·A·C,超持妝奢緞粉底精華 | 聚光粉底,粉底液,N11,專櫃
M·A·C,超持妝奢緞粉底精華 | 聚光粉底,粉底液,N12,專櫃
M·A·C,超持妝奢緞粉底精華 | 聚光粉底,粉底液,N18 熱賣色選,專櫃
M·A·C,超持妝奢緞粉底精華 | 聚光粉底,粉底液,NC10,專櫃
M·A·C,超持妝奢緞粉底精華 | 聚光粉底,粉底液,NC11 熱賣色選,專櫃
M·A·C,超持妝奢緞粉底精華 | 聚光粉底,粉底液,NC15 熱賣色選,專櫃
M·A·C,超持妝奢緞粉底精華 | 聚光粉底,粉底液,NC17.5,專櫃
M·A·C,超持妝奢緞粉底精華 | 聚光粉底,粉底液,NC20,專櫃
M·A·C,超持妝奢緞粉底精華 | 聚光粉底,粉底液,NC25,專櫃
M·A·C,超持妝奢緞粉底精華 | 聚光粉底,粉底液,NC30,專櫃
M·A·C,超持妝奢緞粉底精華 | 聚光粉底,粉底液,NC35,專櫃
M·A·C,超持妝奢緞粉底精華 | 聚光粉底,粉底液,NC5,專櫃
M·A·C,超持妝無瑕粉底液,粉底液,N12,專櫃
M·A·C,超持妝無瑕粉底液,粉底液,N16,專櫃
M·A·C,超持妝無瑕粉底液,粉底液,N18 熱賣色選,專櫃
M·A·C,超持妝無瑕粉底液,粉底液,N22,專櫃
M·A·C,超持妝無瑕粉底液,粉底液,NC12,專櫃
M·A·C,超持妝無瑕粉底液,粉底液,NC14,專櫃
M·A·C,超持妝無瑕粉底液,粉底液,NC15 熱賣色選,專櫃
M·A·C,超持妝無瑕粉底液,粉底液,NC16,專櫃
M·A·C,超持妝無瑕粉底液,粉底液,NC20 熱賣色選,專櫃
M·A·C,超持妝無瑕粉底液,粉底液,NC25,專櫃
M·A·C,超持妝無瑕粉底液,粉底液,NC30,專櫃
M·A·C,超持妝無瑕粉底液,粉底液,NC33,專櫃
M·A·C,超持妝無瑕粉底液,粉底液,NC35,專櫃
M·A·C,超持妝無瑕粉底液,粉底液,NC36,專櫃
M·A·C,超持妝無瑕粉底液,粉底液,NC40,專櫃
M·A·C,超持妝無瑕粉底液,粉底液,NW13,專櫃
M·A·C,超持妝無瑕粉底液,粉底液,NW20,專櫃
M·A·C,超持妝柔焦水粉餅,粉餅,N12,專櫃
M·A·C,超持妝柔焦水粉餅,粉餅,NC16,專櫃
M·A·C,超持妝柔焦水粉餅,粉餅,NC20 熱賣色選,專櫃
M·A·C,超持妝柔焦水粉餅,粉餅,NC25,專櫃
M·A·C,超持妝柔焦水粉餅,粉餅,NC27,專櫃
M·A·C,超持妝柔焦水粉餅,粉餅,NC30,專櫃
M·A·C,超持妝柔焦水粉餅,粉餅,NC35,專櫃
M·A·C,超持妝柔焦水粉餅,粉餅,NC38,專櫃
M·A·C,超持妝柔焦水粉餅,粉餅,NC40,專櫃
M·A·C,超持妝柔焦水粉餅,粉餅,NC42,專櫃
M·A·C,超持妝柔焦水粉餅,粉餅,NW20,專櫃
M·A·C,超顯白水光養膚粉餅SPF 15 / PA++,粉餅,NC15,專櫃
M·A·C,超顯白水光養膚粉餅SPF 15 / PA++,粉餅,NC35,專櫃
M·A·C,超顯白水光養膚粉餅SPF 15 / PA++,粉餅,NC37,專櫃
M·A·C,超顯白水光養膚粉餅SPF 15 / PA++,粉餅,NC25,專櫃
M·A·C,超顯白水光養膚粉餅SPF 15 / PA++,粉餅,NC20,專櫃
M·A·C,超顯白水光養膚粉餅SPF 15 / PA++,粉餅,NC42,專櫃
M·A·C,超顯白水光養膚粉餅SPF 15 / PA++,粉餅,NC45,專櫃
M·A·C,超顯白水光養膚粉餅SPF 15 / PA++,粉餅,NC30,專櫃
M·A·C,超顯白水光養膚粉餅SPF 15 / PA++,粉餅,NC40,專櫃
M·A·C,超持妝無瑕粉餅,粉餅,NC20 暢銷色選,專櫃
M·A·C,超持妝無瑕粉餅,粉餅,N18 暢銷色選,專櫃
M·A·C,超持妝無瑕粉餅,粉餅,NC37,專櫃
M·A·C,超持妝無瑕粉餅,粉餅,NC42,專櫃
M·A·C,超持妝無瑕粉餅,粉餅,NC40,專櫃
M·A·C,超持妝無瑕粉餅,粉餅,NC30,專櫃
M·A·C,超持妝無瑕粉餅,粉餅,N12,專櫃
M·A·C,超持妝無瑕粉餅,粉餅,NC35,專櫃
M·A·C,超持妝無瑕粉餅,粉餅,NC15 暢銷色選,專櫃
M·A·C,超持妝無瑕粉餅,粉餅,NC25,專櫃
M·A·C,超顯白水光養膚粉底液SPF 35 / PA++,粉底液,N18,專櫃
M·A·C,超顯白水光養膚粉底液SPF 35 / PA++,粉底液,NC30,專櫃
M·A·C,超顯白水光養膚粉底液SPF 35 / PA++,粉底液,NC42,專櫃
M·A·C,超顯白水光養膚粉底液SPF 35 / PA++,粉底液,NC37,專櫃
M·A·C,超顯白水光養膚粉底液SPF 35 / PA++,粉底液,NC35,專櫃
M·A·C,超顯白水光養膚粉底液SPF 35 / PA++,粉底液,NC20 熱賣色,專櫃
M·A·C,超顯白水光養膚粉底液SPF 35 / PA++,粉底液,N12,專櫃
M·A·C,超顯白水光養膚粉底液SPF 35 / PA++,粉底液,NC15,專櫃
M·A·C,超顯白水光養膚粉底液SPF 35 / PA++,粉底液,NC25,專櫃
M·A·C,超顯白水光養膚粉底液SPF 35 / PA++,粉餅,NC15 暢銷色選,專櫃
M·A·C,超顯白水光養膚粉底液SPF 35 / PA++,粉餅,NC20,專櫃
M·A·C,超顯白水光養膚粉底液SPF 35 / PA++,粉餅,N18 暢銷色選,專櫃
M·A·C,超顯白水光養膚粉底液SPF 35 / PA++,粉餅,NC25,專櫃
M·A·C,超顯白水光養膚粉底液SPF 35 / PA++,粉餅,N12,專櫃
M·A·C,超顯白水光養膚氣墊粉餅SPF 50 / PA++++,氣墊,MEDIUM,專櫃
M·A·C,超顯白水光養膚氣墊粉餅SPF 50 / PA++++,氣墊,LIGHT PLUS ROSE,專櫃
M·A·C,超顯白水光養膚氣墊粉餅SPF 50 / PA++++,氣墊,EXTRA LIGHT,專櫃
M·A·C,超顯白水光養膚氣墊粉餅SPF 50 / PA++++,氣墊,LIGHT PLUS,專櫃
M·A·C,超顯白水光養膚氣墊粉餅SPF 50 / PA++++,氣墊,LIGHT,專櫃
M·A·C,超顯白水光養膚氣墊粉餅SPF 50 / PA++++,氣墊,MEDIUM PLUS,專櫃
M·A·C,超顯白水光養膚氣墊粉餅SPF 50 / PA++++,氣墊,EXTRA LIGHT ROSE,專櫃
M·A·C,緊致彈力水粉底,粉底液,NC15,專櫃
M·A·C,緊致彈力水粉底,粉底液,NC25,專櫃
M·A·C,緊致彈力水粉底,粉底液,NC30,專櫃
M·A·C,緊致彈力水粉底,粉底液,NC40,專櫃
M·A·C,緊致彈力水粉底,粉底液,NC42,專櫃
M·A·C,緊致彈力水粉底,粉底液,NW20,專櫃
M·A·C,緊致彈力水粉底,粉底液,NW25,專櫃
M·A·C,專業底妝粉餅,粉餅,NC25,專櫃
PONY EFFECT,零暗沉柔霧持久水氣墊,氣墊,001,專櫃
PONY EFFECT,零暗沉柔霧持久水氣墊,氣墊,002,專櫃
PONY EFFECT,零暗沉柔霧持久水氣墊,氣墊,003,專櫃
PONY EFFECT,絕對持久無瑕氣墊粉餅,氣墊,001,專櫃
PONY EFFECT,絕對持久無瑕氣墊粉餅,氣墊,002,專櫃
PONY EFFECT,絕對持久無瑕氣墊粉餅,氣墊,003,專櫃
PONY EFFECT,零暗沉親膚柔霧粉底,粉底液,001,專櫃
PONY EFFECT,零暗沉親膚柔霧粉底,粉底液,002,專櫃
PONY EFFECT,零暗沉親膚柔霧粉底,粉底液,003,專櫃
PONY EFFECT,超進化無重力氣墊粉餅,氣墊,001,專櫃
PONY EFFECT,超進化無重力氣墊粉餅,氣墊,002,專櫃
PONY EFFECT,超進化無重力氣墊粉餅,氣墊,003,專櫃
PONY EFFECT,寶石光精華爆水粉餅,其他,001,專櫃
PONY EFFECT,寶石光精華爆水粉餅,其他,002,專櫃
PONY EFFECT,絕對無瑕全能柔焦粉餅,粉餅,001,專櫃
PONY EFFECT,絕對無瑕全能柔焦粉餅,粉餅,002,專櫃
PONY EFFECT,絕對無瑕全能柔焦粉餅,粉餅,003,專櫃
PONY EFFECT,極水透光氣墊粉餅,氣墊,002,專櫃
PONY EFFECT,極水透光氣墊粉餅,氣墊,003,專櫃
Shu uemura 植村秀,無極限水潤光粉底霜 SPF21 PA+++,粉底霜,463,專櫃
Shu uemura 植村秀,無極限水潤光粉底霜 SPF21 PA+++,粉底霜,564,專櫃
Shu uemura 植村秀,無極限水潤光粉底霜 SPF21 PA+++,粉底霜,574,專櫃
Shu uemura 植村秀,無極限水潤光粉底霜 SPF21 PA+++,粉底霜,584,專櫃
Shu uemura 植村秀,無極限水潤光粉底霜 SPF21 PA+++,粉底霜,664,專櫃
Shu uemura 植村秀,無極限水潤光粉底霜 SPF21 PA+++,粉底霜,674,專櫃
Shu uemura 植村秀,無極限水潤光粉底霜 SPF21 PA+++,粉底霜,764,專櫃
Shu uemura 植村秀,無極限水潤光粉底霜 SPF21 PA+++,粉底霜,774,專櫃
Shu uemura 植村秀,無極限光澤水粉底 SPF18 PA+++,粉底液,664 (中調自然色) ★主打色,專櫃
Shu uemura 植村秀,無極限光澤水粉底 SPF18 PA+++,粉底液,674 (中調自然偏白) ★主打色,專櫃
Shu uemura 植村秀,無極限光澤水粉底 SPF18 PA+++,粉底液,344,專櫃
Shu uemura 植村秀,無極限光澤水粉底 SPF18 PA+++,粉底液,354,專櫃
Shu uemura 植村秀,無極限光澤水粉底 SPF18 PA+++,粉底液,364,專櫃
Shu uemura 植村秀,無極限光澤水粉底 SPF18 PA+++,粉底液,375,專櫃
Shu uemura 植村秀,無極限光澤水粉底 SPF18 PA+++,粉底液,453,專櫃
Shu uemura 植村秀,無極限光澤水粉底 SPF18 PA+++,粉底液,463,專櫃
Shu uemura 植村秀,無極限光澤水粉底 SPF18 PA+++,粉底液,474,專櫃
Shu uemura 植村秀,無極限光澤水粉底 SPF18 PA+++,粉底液,484,專櫃
Shu uemura 植村秀,無極限光澤水粉底 SPF18 PA+++,粉底液,534,專櫃
Shu uemura 植村秀,無極限光澤水粉底 SPF18 PA+++,粉底液,544,專櫃
Shu uemura 植村秀,無極限光澤水粉底 SPF18 PA+++,粉底液,554,專櫃
Shu uemura 植村秀,無極限光澤水粉底 SPF18 PA+++,粉底液,564 (冷調自然色),專櫃
Shu uemura 植村秀,無極限光澤水粉底 SPF18 PA+++,粉底液,574 (冷調偏白色),專櫃
Shu uemura 植村秀,無極限光澤水粉底 SPF18 PA+++,粉底液,584 (冷調白皙色),專櫃
Shu uemura 植村秀,無極限光澤水粉底 SPF18 PA+++,粉底液,594,專櫃
Shu uemura 植村秀,無極限光澤水粉底 SPF18 PA+++,粉底液,644,專櫃
Shu uemura 植村秀,無極限光澤水粉底 SPF18 PA+++,粉底液,654 (中調健康色),專櫃
Shu uemura 植村秀,無極限光澤水粉底 SPF18 PA+++,粉底液,724,專櫃
Shu uemura 植村秀,無極限光澤水粉底 SPF18 PA+++,粉底液,734,專櫃
Shu uemura 植村秀,無極限光澤水粉底 SPF18 PA+++,粉底液,754,專櫃
Shu uemura 植村秀,無極限光澤水粉底 SPF18 PA+++,粉底液,764 (暖調自然色),專櫃
Shu uemura 植村秀,無極限光澤水粉底 SPF18 PA+++,粉底液,774 (暖調偏白色),專櫃
Shu uemura 植村秀,無極限光澤水粉底 SPF18 PA+++,粉底液,784 (暖調白皙色),專櫃
Shu uemura 植村秀,無極限超時輕粉底 SPF24 PA+++,粉底液,664 (中調自然色)★主打色,專櫃
Shu uemura 植村秀,無極限超時輕粉底 SPF24 PA+++,粉底液,674 (中調自然偏白)★主打色,專櫃
Shu uemura 植村秀,無極限超時輕粉底 SPF24 PA+++,粉底液,344,專櫃
Shu uemura 植村秀,無極限超時輕粉底 SPF24 PA+++,粉底液,364,專櫃
Shu uemura 植村秀,無極限超時輕粉底 SPF24 PA+++,粉底液,375,專櫃
Shu uemura 植村秀,無極限超時輕粉底 SPF24 PA+++,粉底液,453,專櫃
Shu uemura 植村秀,無極限超時輕粉底 SPF24 PA+++,粉底液,463,專櫃
Shu uemura 植村秀,無極限超時輕粉底 SPF24 PA+++,粉底液,474,專櫃
Shu uemura 植村秀,無極限超時輕粉底 SPF24 PA+++,粉底液,484,專櫃
Shu uemura 植村秀,無極限超時輕粉底 SPF24 PA+++,粉底液,534,專櫃
Shu uemura 植村秀,無極限超時輕粉底 SPF24 PA+++,粉底液,544,專櫃
Shu uemura 植村秀,無極限超時輕粉底 SPF24 PA+++,粉底液,554,專櫃
Shu uemura 植村秀,無極限超時輕粉底 SPF24 PA+++,粉底液,564 (冷調自然色),專櫃
Shu uemura 植村秀,無極限超時輕粉底 SPF24 PA+++,粉底液,584 (冷調白皙色),專櫃
Shu uemura 植村秀,無極限超時輕粉底 SPF24 PA+++,粉底液,574 (冷調偏白色),專櫃
Shu uemura 植村秀,無極限超時輕粉底 SPF24 PA+++,粉底液,594,專櫃
Shu uemura 植村秀,無極限超時輕粉底 SPF24 PA+++,粉底液,644,專櫃
Shu uemura 植村秀,無極限超時輕粉底 SPF24 PA+++,粉底液,654 (中調健康色),專櫃
Shu uemura 植村秀,無極限超時輕粉底 SPF24 PA+++,粉底液,734,專櫃
Shu uemura 植村秀,無極限超時輕粉底 SPF24 PA+++,粉底液,754 (象牙健康色),專櫃
Shu uemura 植村秀,無極限超時輕粉底 SPF24 PA+++,粉底液,764 (暖調自然色),專櫃
Shu uemura 植村秀,無極限超時輕粉底 SPF24 PA+++,粉底液,774 (暖調偏白色),專櫃
Shu uemura 植村秀,無極限超時輕粉底 SPF24 PA+++,粉底液,784 (暖調白皙色),專櫃
Shu uemura 植村秀,無極限保濕柔霧粉餅,粉餅,463,專櫃
Shu uemura 植村秀,無極限保濕柔霧粉餅,粉餅,564,專櫃
Shu uemura 植村秀,無極限保濕柔霧粉餅,粉餅,574,專櫃
Shu uemura 植村秀,無極限保濕柔霧粉餅,粉餅,584,專櫃
Shu uemura 植村秀,無極限保濕柔霧粉餅,粉餅,664(中調自然色) ★主打色,專櫃
Shu uemura 植村秀,無極限保濕柔霧粉餅,粉餅,674(中調偏白) ★主打色,專櫃
Shu uemura 植村秀,無極限保濕柔霧粉餅,粉餅,764(暖調自然色)★主打色,專櫃
Shu uemura 植村秀,無極限保濕柔霧粉餅,粉餅,774(暖調偏白) ★主打色,專櫃
蘭蔻Lancome,絕對完美玫瑰氣墊粉餅,氣墊,P-100,專櫃
蘭蔻Lancome,絕對完美玫瑰氣墊粉餅,氣墊,PO-110,專櫃
蘭蔻Lancome,絕對完美玫瑰氣墊粉餅,氣墊,O-130,專櫃
蘭蔻Lancome,絕對完美玫瑰氣墊粉餅,氣墊,O-150,專櫃
蘭蔻Lancome,零粉感超持久粉底SPF38/PA+++,粉底液,P-00,專櫃
蘭蔻Lancome,零粉感超持久粉底SPF38/PA+++,粉底液,P-01,專櫃
蘭蔻Lancome,零粉感超持久粉底SPF38/PA+++,粉底液,PO_01,專櫃
蘭蔻Lancome,零粉感超持久粉底SPF38/PA+++,粉底液,PO_02,專櫃
蘭蔻Lancome,零粉感超持久粉底SPF38/PA+++,粉底液,PO_03,專櫃
蘭蔻Lancome,零粉感超持久粉底SPF38/PA+++,粉底液,O-01,專櫃
蘭蔻Lancome,零粉感超持久粉底SPF38/PA+++,粉底液,O-02,專櫃
蘭蔻Lancome,零粉感超持久粉底SPF38/PA+++,粉底液,O-03,專櫃
蘭蔻Lancome,零粉感超持久粉底SPF38/PA+++,粉底液,BO-01,專櫃
蘭蔻Lancome,零粉感超持久粉底SPF38/PA+++,粉底液,BO-02,專櫃
蘭蔻Lancome,零粉感超持久粉底SPF38/PA+++,粉底液,BO-03,專櫃
蘭蔻Lancome,零粉感超持久粉底SPF38/PA+++,粉底液,BO-04,專櫃
蘭蔻Lancome,零粉感超持久粉底SPF38/PA+++,粉底液,B-01,專櫃
蘭蔻Lancome,零粉感超持久粉底SPF38/PA+++,粉底液,B-02,專櫃
蘭蔻Lancome,零粉感超持久彈力水粉霜,其他,P-01,專櫃
蘭蔻Lancome,零粉感超持久彈力水粉霜,其他,PO-01,專櫃
蘭蔻Lancome,零粉感超持久彈力水粉霜,其他,PO-03,專櫃
蘭蔻Lancome,零粉感超持久彈力水粉霜,其他,BO-02,專櫃
蘭蔻Lancome,零粉感超持久彈力水粉霜,其他,PO-02,專櫃
蘭蔻Lancome,零粉感超持久彈力水粉霜,其他,B-01,專櫃
蘭蔻Lancome,零粉感光澤持妝粉底,粉底液,P-01,專櫃
蘭蔻Lancome,零粉感光澤持妝粉底,粉底液,PO-01,專櫃
蘭蔻Lancome,零粉感光澤持妝粉底,粉底液,PO-03,專櫃
蘭蔻Lancome,零粉感光澤持妝粉底,粉底液,BO-01,專櫃
蘭蔻Lancome,零粉感光澤持妝粉底,粉底液,B-01,專櫃
蘭蔻Lancome,零粉感光澤持妝粉底,粉底液,PO-02,專櫃
蘭蔻Lancome,零粉感超持久粉底棒,其他,010,專櫃
蘭蔻Lancome,零粉感超持久粉底棒,其他,01,專櫃
蘭蔻Lancome,零粉感超持久粉底棒,其他,035,專櫃
蘭蔻Lancome,零粉感超持久粉底棒,其他,025,專櫃
蘭蔻Lancome,零粉感超持久粉底棒,其他,055,專櫃
蘭蔻Lancome,零粉感超持久粉底棒,其他,005_BEIGE_IVOIRE,專櫃
Bobbi Brown芭比波朗,超持久無痕輕粉底 SPF15 PA++,粉底液,大地 NaturalOlive beige with neutral undertones; for medium skin.,專櫃
Bobbi Brown芭比波朗,超持久無痕輕粉底 SPF15 PA++,粉底液,暖大地 Warm Natural,專櫃
Bobbi Brown芭比波朗,超持久無痕輕粉底 SPF15 PA++,粉底液,"象牙米 Ivoryfair beige with light neutral undertones, for extra light to fair skin.",專櫃
Bobbi Brown芭比波朗,超持久無痕輕粉底 SPF15 PA++,粉底液,"嫩芽 BeigeMedium beige with neutral undertones, for light to medium skin.",專櫃
Bobbi Brown芭比波朗,超持久無痕輕粉底 SPF15 PA++,粉底液,暖象牙米 Warm Ivory,專櫃
Bobbi Brown芭比波朗,超持久無痕輕粉底 SPF15 PA++,粉底液,暖瑭瓷白 Warm PorcelainVery fair beige with yellow undertones; for extra light to fair skin.,專櫃
Bobbi Brown芭比波朗,超持久無痕輕粉底 SPF15 PA++,粉底液,暖柔沙 Warm SandGolden light beige with yellow undertones; for fair to light skin with redness.,專櫃
Bobbi Brown芭比波朗,超持久無痕輕粉底 SPF15 PA++,粉底液,瑭瓷白 PorcelainVery fair beige with neutral undertones; for extra light skin.,專櫃
Bobbi Brown芭比波朗,超持久無痕輕粉底 SPF15 PA++,粉底液,冷柔沙 Cool SandCool light beige with pink undertones; for fair to light skin.,專櫃
Bobbi Brown芭比波朗,超持久無痕輕粉底 SPF15 PA++,粉底液,柔沙 SandLight beige with neutral undertones; for fair to light skin.,專櫃
Bobbi Brown芭比波朗,冬蟲夏草精華粉底SPF40 PA++++,粉底液,暖瑭瓷白 Warm Porcelain,專櫃
Bobbi Brown芭比波朗,冬蟲夏草精華粉底SPF40 PA++++,粉底液,雪花白 Alabaster,專櫃
Bobbi Brown芭比波朗,冬蟲夏草精華粉底SPF40 PA++++,粉底液,自然象牙白 Neutral warm ivory,專櫃
Bobbi Brown芭比波朗,冬蟲夏草精華粉底SPF40 PA++++,粉底液,暖象牙米 Warm Ivory,專櫃
Bobbi Brown芭比波朗,冬蟲夏草精華粉底SPF40 PA++++,粉底液,明亮象牙白 Neutral ivory,專櫃
Bobbi Brown芭比波朗,冬蟲夏草精華粉底SPF40 PA++++,粉底液,自然雪花白 Neutral Alabaster,專櫃
Bobbi Brown芭比波朗,冬蟲夏草精華粉底SPF40 PA++++,粉底液,柔沙 Sand,專櫃
Bobbi Brown芭比波朗,冬蟲夏草精華粉底SPF40 PA++++,粉底液,嫩芽 Beige,專櫃
Bobbi Brown芭比波朗,冬蟲夏草精華粉底SPF40 PA++++,粉底液,冷嫩芽 Cool Beige,專櫃
Bobbi Brown芭比波朗,冬蟲夏草精華粉底SPF40 PA++++,粉底液,暖嫩芽 Warm Beige,專櫃
Bobbi Brown芭比波朗,冬蟲夏草精華粉底SPF40 PA++++,粉底液,暖柔沙 Warm Sand,專櫃
Bobbi Brown芭比波朗,冬蟲夏草精華粉底SPF40 PA++++,粉底液,暖大地 Warm Natural,專櫃
Bobbi Brown芭比波朗,冬蟲夏草精華粉底SPF40 PA++++,粉底液,自然柔沙 Neutral Sand,專櫃
Bobbi Brown芭比波朗,冬蟲夏草精華粉底SPF40 PA++++,粉底液,大地 Natural,專櫃
Bobbi Brown芭比波朗,冬蟲夏草精華粉底SPF40 PA++++,粉底液,蜂蜜 Honey,專櫃
Bobbi Brown芭比波朗,冬蟲夏草精華粉底SPF40 PA++++,粉底液,瑭瓷白 Porcelain,專櫃
Bobbi Brown芭比波朗,冬蟲夏草精華粉底SPF40 PA++++,粉底液,象牙米 Ivory,專櫃
Bobbi Brown芭比波朗,冬蟲夏草精華粉底SPF40 PA++++,粉底液,冷象牙米 Cool Ivory,專櫃
Bobbi Brown芭比波朗,冬蟲夏草精華粉底SPF40 PA++++,粉底液,冷柔沙 Cool Sand,專櫃
Bobbi Brown芭比波朗,冬蟲夏草精華粉底SPF40 PA++++,粉底液,自然瑭瓷白 Neutral Porcelain,專櫃
Bobbi Brown芭比波朗,高保濕修護精華氣墊粉底SPF40 PA++++,氣墊,Porcelain 瑭瓷白適合中性肌膚色調，非常白皙膚色,專櫃
Bobbi Brown芭比波朗,高保濕修護精華氣墊粉底SPF40 PA++++,氣墊,Extra Light 淺亮白適合中性肌膚色調，白皙膚色,專櫃
Bobbi Brown芭比波朗,高保濕修護精華氣墊粉底SPF40 PA++++,氣墊,Light 亮白適合中性肌膚色調，自然偏白膚色,專櫃
Bobbi Brown芭比波朗,高保濕修護精華氣墊粉底SPF40 PA++++,氣墊,Light to Medium 亮膚適合中性肌膚色調，自然膚色,專櫃
Bobbi Brown芭比波朗,高保濕修護精華氣墊粉底SPF40 PA++++,氣墊,Medium 自然適合中性肌底色調，健康膚色,專櫃
Bobbi Brown芭比波朗,高保濕修護精華氣墊粉底SPF40 PA++++,氣墊,Medium to Dark 大地適合中性肌膚色調，小麥膚色,專櫃
Bobbi Brown芭比波朗,冬蟲夏草極萃粉底霜 SPF 25++ 30ml,粉底霜,Warm Ivory 暖象牙米,專櫃
Bobbi Brown芭比波朗,冬蟲夏草極萃粉底霜 SPF 25++ 30ml,粉底霜,Sand 柔沙,專櫃
Bobbi Brown芭比波朗,冬蟲夏草極萃粉底霜 SPF 25++ 30ml,粉底霜,Porcelain 瑭瓷白,專櫃
Bobbi Brown芭比波朗,冬蟲夏草極萃粉底霜 SPF 25++ 30ml,粉底霜,Beige嫩芽,專櫃
Bobbi Brown芭比波朗,冬蟲夏草極萃粉底霜 SPF 25++ 30ml,粉底霜,Warm Porcelain 暖瑭瓷白,專櫃
Bobbi Brown芭比波朗,羽潤親膚粉餅,粉餅,暖象牙米 Warm Ivory,專櫃
Bobbi Brown芭比波朗,羽潤親膚粉餅,粉餅,大地 Natural,專櫃
Bobbi Brown芭比波朗,羽潤親膚粉餅,粉餅,嫩芽 Beige,專櫃
Bobbi Brown芭比波朗,羽潤親膚粉餅,粉餅,暖嫩芽 Warm Beige,專櫃
Bobbi Brown芭比波朗,羽潤親膚粉餅,粉餅,暖柔沙 Warm Sand,專櫃
Bobbi Brown芭比波朗,羽潤親膚粉餅,粉餅,暖瑭瓷白 Warm Porcelain,專櫃
Bobbi Brown芭比波朗,羽潤親膚粉餅,粉餅,暖象牙米 Warm Ivory,專櫃
Bobbi Brown芭比波朗,羽潤親膚粉餅,粉餅,柔沙 Sand,專櫃
Bobbi Brown芭比波朗,羽潤親膚粉餅,粉餅,瑭瓷白 Porcelain,專櫃
YSL,恆久完美無瑕持妝粉底,粉底液,LC1,專櫃
YSL,恆久完美無瑕持妝粉底,粉底液,LC2,專櫃
YSL,恆久完美無瑕持妝粉底,粉底液,LC3,專櫃
YSL,恆久完美無瑕持妝粉底,粉底液,LC6,專櫃
YSL,恆久完美無瑕持妝粉底,粉底液,LN1,專櫃
YSL,恆久完美無瑕持妝粉底,粉底液,LN4,專櫃
YSL,恆久完美無瑕持妝粉底,粉底液,LN7,專櫃
YSL,恆久完美無瑕持妝粉底,粉底液,LW1,專櫃
YSL,恆久完美無瑕持妝粉底,粉底液,LW4,專櫃
YSL,恆久完美無瑕持妝粉底,粉底液,LW7,專櫃
YSL,恆久完美無瑕持妝粉底,粉底液,MN7,專櫃
YSL,超模光感極潤粉底,粉底液,B10,專櫃
YSL,超模光感極潤粉底,粉底液,B20,專櫃
YSL,超模光感極潤粉底,粉底液,B25,專櫃
YSL,超模光感極潤粉底,粉底液,B30,專櫃
YSL,超模光感極潤粉底,粉底液,B40,專櫃
YSL,超模光感極潤粉底,粉底液,BR10,專櫃
YSL,超模光感極潤粉底,粉底液,BR20,專櫃
YSL,超模聚焦光感粉底液,粉底液,BR20,專櫃
YSL,超模聚焦光感粉底液,粉底液,B10,專櫃
YSL,超模聚焦光感粉底液,粉底液,B20,專櫃
YSL,超模聚焦光感粉底液,粉底液,B30,專櫃
YSL,超模聚焦光感粉底液,粉底液,B40,專櫃
YSL,超模聚焦光感粉底液,粉底液,BD10,專櫃
YSL,超模聚焦光感粉底液,粉底液,BD25,專櫃
YSL,逆齡肌密精萃粉底,粉底液,B10,專櫃
YSL,逆齡肌密精萃粉底,粉底液,B20,專櫃
YSL,逆齡肌密精萃粉底,粉底液,B30,專櫃
YSL,逆齡肌密精萃粉底,粉底液,BR20,專櫃
YSL,超模聚焦光感粉餅,粉餅,BR10,專櫃
YSL,超模聚焦光感粉餅,粉餅,BR20,專櫃
YSL,超模聚焦光感粉餅,粉餅,B10,專櫃
YSL,超模聚焦光感粉餅,粉餅,B20,專櫃
YSL,超模聚焦光感粉餅,粉餅,B30,專櫃
YSL,超模聚焦光感粉餅,粉餅,B40,專櫃
YSL,超模聚焦光感粉餅,粉餅,BD10,專櫃
YSL,超模光感精華水氣墊SPF50+/PA ++++,氣墊,B10,專櫃
YSL,超模光感精華水氣墊SPF50+/PA ++++,氣墊,B20,專櫃
YSL,超模光感精華水氣墊SPF50+/PA ++++,氣墊,B25,專櫃
YSL,超模光感精華水氣墊SPF50+/PA ++++,氣墊,B30,專櫃
YSL,超模光感精華水氣墊SPF50+/PA ++++,氣墊,BR10,專櫃
YSL,超模光感精華水氣墊SPF50+/PA ++++,氣墊,BR20,專櫃
YSL,恆久完美霧光氣墊粉餅SPF23 / PA++,氣墊,10,專櫃
YSL,恆久完美霧光氣墊粉餅SPF23 / PA++,氣墊,15,專櫃
YSL,恆久完美霧光氣墊粉餅SPF23 / PA++,氣墊,20,專櫃
YSL,恆久完美霧光氣墊粉餅SPF23 / PA++,氣墊,25,專櫃
YSL,恆久完美霧光氣墊粉餅SPF23 / PA++,氣墊,30,專櫃
YSL,恆久完美霧光氣墊粉餅SPF23 / PA++,氣墊,35,專櫃
Estee Lauder 雅詩蘭黛,Double Wear?粉持久完美持妝粉底SPF10/PA++,粉底液,1C0 Shell-色號15,專櫃
Estee Lauder 雅詩蘭黛,Double Wear?粉持久完美持妝粉底SPF10/PA++,粉底液,1C1 Cool Bone-色號66,專櫃
Estee Lauder 雅詩蘭黛,Double Wear?粉持久完美持妝粉底SPF10/PA++,粉底液,1N1 Ivory Nude-色號72,專櫃
Estee Lauder 雅詩蘭黛,Double Wear?粉持久完美持妝粉底SPF10/PA++,粉底液,1N2 Ecru-色號16,專櫃
Estee Lauder 雅詩蘭黛,Double Wear?粉持久完美持妝粉底SPF10/PA++,粉底液,1W1 Bone-色號17,專櫃
Estee Lauder 雅詩蘭黛,Double Wear?粉持久完美持妝粉底SPF10/PA++,粉底液,1W2 Sand-色號36,專櫃
Estee Lauder 雅詩蘭黛,Double Wear?粉持久完美持妝粉底SPF10/PA++,粉底液,2C0 Cool Vanilla-色號62,專櫃
Estee Lauder 雅詩蘭黛,Double Wear?粉持久完美持妝粉底SPF10/PA++,粉底液,2C1 Pure Beige-色號77,專櫃
Estee Lauder 雅詩蘭黛,Double Wear?粉持久完美持妝粉底SPF10/PA++,粉底液,2N1 Desert Beige-色號12,專櫃
Estee Lauder 雅詩蘭黛,Double Wear?粉持久完美持妝粉底SPF10/PA++,粉底液,2W0 Warm Vanilla-色號82,專櫃
Estee Lauder 雅詩蘭黛,Double Wear?粉持久完美持妝粉底SPF10/PA++,粉底液,2W1 Dawn-色號53,專櫃
Estee Lauder 雅詩蘭黛,Double Wear?粉持久完美持妝粉底SPF10/PA++,粉底液,3C0 Cool Cr?me-色號85,專櫃
Estee Lauder 雅詩蘭黛,Double Wear?粉持久完美持妝粉底SPF10/PA++,粉底液,3N1 Ivory Beige-色號10,專櫃
Estee Lauder 雅詩蘭黛,Double Wear?粉持久完美持妝粉底SPF10/PA++,粉底液,3N2 Wheat-色號38,專櫃
Estee Lauder 雅詩蘭黛,Double Wear?粉持久完美持妝粉底SPF10/PA++,粉底液,3W0 Warm Cr?me-色號65,專櫃
Estee Lauder 雅詩蘭黛,Double Wear?粉持久完美持妝粉底SPF10/PA++,粉底液,4N2 Spiced Sand-色號98,專櫃
Estee Lauder 雅詩蘭黛,Double Wear?粉持久輕透控油粉餅 PF10,粉餅,3C1,專櫃
Estee Lauder 雅詩蘭黛,Double Wear?粉持久輕透控油粉餅 PF10,粉餅,2C1,專櫃
Estee Lauder 雅詩蘭黛,Double Wear?粉持久輕透控油粉餅 PF10,粉餅,2W1,專櫃
Estee Lauder 雅詩蘭黛,Double Wear?粉持久輕透控油粉餅 PF10,粉餅,1C0,專櫃
Estee Lauder 雅詩蘭黛,Double Wear?粉持久輕透控油粉餅 PF10,粉餅,3W1,專櫃
Estee Lauder 雅詩蘭黛,Double Wear?粉持久輕透控油粉餅 PF10,粉餅,1W0,專櫃
Estee Lauder 雅詩蘭黛,聚光粉保濕粉底精華SPF20 / PA+++,粉底液,3W0,專櫃
Estee Lauder 雅詩蘭黛,聚光粉保濕粉底精華SPF20 / PA+++,粉底液,3C0,專櫃
Estee Lauder 雅詩蘭黛,聚光粉保濕粉底精華SPF20 / PA+++,粉底液,2W0,專櫃
Estee Lauder 雅詩蘭黛,聚光粉保濕粉底精華SPF20 / PA+++,粉底液,2N1,專櫃
Estee Lauder 雅詩蘭黛,聚光粉保濕粉底精華SPF20 / PA+++,粉底液,1C0,專櫃
Estee Lauder 雅詩蘭黛,聚光粉保濕粉底精華SPF20 / PA+++,粉底液,1N1,專櫃
Estee Lauder 雅詩蘭黛,聚光粉保濕粉底精華SPF20 / PA+++,粉底液,1W1,專櫃
Estee Lauder 雅詩蘭黛,聚光粉保濕粉底精華SPF20 / PA+++,粉底液,1W0,專櫃
Estee Lauder 雅詩蘭黛,聚光粉保濕粉底精華SPF20 / PA+++,粉底液,1N0,專櫃
Estee Lauder 雅詩蘭黛,聚光粉保濕粉底精華SPF20 / PA+++,粉底液,2C0,專櫃
Estee Lauder 雅詩蘭黛,Double Wear Sheer?粉持久輕霧光水粉底SPF20/PA++,粉底液,1W1,專櫃
Estee Lauder 雅詩蘭黛,Double Wear Sheer?粉持久輕霧光水粉底SPF20/PA++,粉底液,2C0,專櫃
Estee Lauder 雅詩蘭黛,Double Wear Sheer?粉持久輕霧光水粉底SPF20/PA++,粉底液,1N2,專櫃
Estee Lauder 雅詩蘭黛,Double Wear Sheer?粉持久輕霧光水粉底SPF20/PA++,粉底液,2N1,專櫃
Estee Lauder 雅詩蘭黛,Double Wear Sheer?粉持久輕霧光水粉底SPF20/PA++,粉底液,1C1,專櫃
Estee Lauder 雅詩蘭黛,Double Wear Sheer?粉持久輕霧光水粉底SPF20/PA++,粉底液,3W1,專櫃
Estee Lauder 雅詩蘭黛,Double Wear Sheer?粉持久輕霧光水粉底SPF20/PA++,粉底液,2W1,專櫃
Estee Lauder 雅詩蘭黛,Double Wear Sheer?粉持久輕霧光水粉底SPF20/PA++,粉底液,1W2,專櫃
Estee Lauder 雅詩蘭黛,Re-Nutriv?白金級鑽光精華氣墊粉餅,氣墊,1C0,專櫃
Estee Lauder 雅詩蘭黛,Re-Nutriv?白金級鑽光精華氣墊粉餅,氣墊,2C0,專櫃
Estee Lauder 雅詩蘭黛,Re-Nutriv?白金級鑽光精華氣墊粉餅,氣墊,2W0,專櫃
Estee Lauder 雅詩蘭黛,Re-Nutriv?白金級鑽光精華氣墊粉餅,氣墊,1W0,專櫃
蘭芝LANEIGE,Neo 型塑光感粉底液,粉底液,17N 粉膚,專櫃
蘭芝LANEIGE,Neo 型塑光感粉底液,粉底液,21N 明亮,專櫃
蘭芝LANEIGE,Neo 型塑光感粉底液,粉底液,23N 自然,專櫃
蘭芝LANEIGE,Neo 型塑霧感粉底液,粉底液,17N 粉膚,專櫃
蘭芝LANEIGE,Neo 型塑霧感粉底液,粉底液,21N 明亮,專櫃
蘭芝LANEIGE,Neo 型塑霧感粉底液,粉底液,23N 自然,專櫃
蘭芝LANEIGE,NEO型塑光感氣墊EX,氣墊,13N1 象牙,專櫃
蘭芝LANEIGE,NEO型塑光感氣墊EX,氣墊,17C1 粉膚,專櫃
蘭芝LANEIGE,NEO型塑光感氣墊EX,氣墊,21N1 明亮,專櫃
蘭芝LANEIGE,NEO型塑光感氣墊EX,氣墊,23N1 自然,專櫃
蘭芝LANEIGE,NEO型塑霧感氣墊EX,氣墊,13N1 象牙,專櫃
蘭芝LANEIGE,NEO型塑霧感氣墊EX,氣墊,17C1 粉膚,專櫃
蘭芝LANEIGE,NEO型塑霧感氣墊EX,氣墊,21N1 明亮,專櫃
蘭芝LANEIGE,NEO型塑霧感氣墊EX,氣墊,23N1 自然,專櫃
MAQuillAGE 心機彩粧,心機水蜜光精華無瑕粉底,粉底液,OC10,專櫃
MAQuillAGE 心機彩粧,心機水蜜光精華無瑕粉底,粉底液,OC20,專櫃
MAQuillAGE 心機彩粧,心機水蜜光精華無瑕粉底,粉底液,OC30,專櫃
MAQuillAGE 心機彩粧,心機水蜜光精華無瑕粉底,粉底液,BP00,專櫃
MAQuillAGE 心機彩粧,心機水蜜光精華無瑕粉底,粉底液,SB10,專櫃
MAQuillAGE 心機彩粧,心機奶凍亮膚BB精華,其他,,專櫃
MAQuillAGE 心機彩粧,心機水蜜光奶霜氣墊,氣墊,01,專櫃
MAQuillAGE 心機彩粧,心機水蜜光奶霜氣墊,氣墊,02,專櫃
MAQuillAGE 心機彩粧,心機水蜜光奶霜氣墊,氣墊,03,專櫃
MAQuillAGE 心機彩粧,心機星魅輕羽粉餅EX,粉餅,OC00,專櫃
MAQuillAGE 心機彩粧,心機星魅輕羽粉餅EX,粉餅,OC10,專櫃
MAQuillAGE 心機彩粧,心機星魅輕羽粉餅EX,粉餅,OC20,專櫃
MAQuillAGE 心機彩粧,心機星魅輕羽粉餅EX,粉餅,OC30,專櫃
MAQuillAGE 心機彩粧,心機星魅輕羽粉餅EX,粉餅,BP00,專櫃
MAQuillAGE 心機彩粧,心機星魅輕羽粉餅EX,粉餅,BO10,專櫃
NARS,裸光肌萃粉底精華,粉底液,ARUBA,專櫃
NARS,裸光肌萃粉底精華,粉底液,GOBI,專櫃
NARS,裸光肌萃粉底精華,粉底液,BARCELONA,專櫃
NARS,裸光肌萃粉底精華,粉底液,DEAUVILLE,專櫃
NARS,裸光肌萃粉底精華,粉底液,FIJI,專櫃
NARS,裸光肌萃粉底精華,粉底液,MONT BLANC,專櫃
NARS,裸光肌萃粉底精華,粉底液,OSLO,專櫃
NARS,裸光肌萃粉底精華,粉底液,PATAGONIA,專櫃
NARS,裸光肌萃粉底精華,粉底液,PUNJAB,專櫃
NARS,裸光肌萃粉底精華,粉底液,SAHEL,專櫃
NARS,裸光肌萃粉底精華,粉底液,SALZBURG,專櫃
NARS,裸光肌萃粉底精華,粉底液,SANTA FE,專櫃
NARS,裸光肌萃粉底精華,粉底液,STROMBOLI,專櫃
NARS,裸光肌萃粉底精華,粉底液,SYRACUSE,專櫃
NARS,裸光肌萃粉底精華,粉底液,VALENCIA,專櫃
NARS,裸光肌萃粉底精華,粉底液,VALLAURIS,專櫃
NARS,裸光肌萃粉底精華,粉底液,VANUATU,專櫃
NARS,裸光肌萃粉底精華,粉底液,VIENNA,專櫃
NARS,裸光肌萃粉底精華,粉底液,YUKON,專櫃
NARS,超持久亮顏氣墊粉餅 SPF 50 PA+++,氣墊,SEOUL,專櫃
NARS,超持久亮顏氣墊粉餅 SPF 50 PA+++,氣墊,MONT BLANC,專櫃
NARS,超持久亮顏氣墊粉餅 SPF 50 PA+++,氣墊,DEAUVILLE,專櫃
NARS,超持久亮顏氣墊粉餅 SPF 50 PA+++,氣墊,VIENNA,專櫃
NARS,超持久亮顏氣墊粉餅 SPF 50 PA+++,氣墊,PUNJAB,專櫃
NARS,超持久亮顏氣墊粉餅 SPF 50 PA+++,氣墊,BARCELONA,專櫃
NARS,超持久亮顏氣墊粉餅 SPF 50 PA+++,氣墊,SAMCHEONG,專櫃
NARS,瞬效水凝光氣墊粉餅 SPF 50+/PA+++,氣墊,HALLA,專櫃
NARS,瞬效水凝光氣墊粉餅 SPF 50+/PA+++,氣墊,FINLAND,專櫃
NARS,瞬效水凝光氣墊粉餅 SPF 50+/PA+++,氣墊,ALASKA,專櫃
NARS,瞬效水凝光氣墊粉餅 SPF 50+/PA+++,氣墊,VIENNA,專櫃
NARS,瞬效水凝光氣墊粉餅 SPF 50+/PA+++,氣墊,PUNJAB,專櫃
NARS,瞬效水凝光氣墊粉餅 SPF 50+/PA+++,氣墊,BARCELONA,專櫃
NARS,極霧柔光粉底露,粉底液,GOBI,專櫃
NARS,極霧柔光粉底露,粉底液,BARCELONA,專櫃
NARS,極霧柔光粉底露,粉底液,DEAUVILLE,專櫃
NARS,極霧柔光粉底露,粉底液,FIJI,專櫃
NARS,極霧柔光粉底露,粉底液,MONT BLANC,專櫃
NARS,極霧柔光粉底露,粉底液,OSLO,專櫃
NARS,極霧柔光粉底露,粉底液,PATAGONIA,專櫃
NARS,極霧柔光粉底露,粉底液,PUNJAB,專櫃
NARS,極霧柔光粉底露,粉底液,SAHEL,專櫃
NARS,極霧柔光粉底露,粉底液,SALZBURG,專櫃
NARS,極霧柔光粉底露,粉底液,SANTA FE,專櫃
NARS,極霧柔光粉底露,粉底液,STROMBOLI,專櫃
NARS,極霧柔光粉底露,粉底液,VALENCIA,專櫃
NARS,極霧柔光粉底露,粉底液,VIENNA,專櫃
NARS,極霧柔光粉底露,粉底液,YUKON,專櫃
NARS,瞬效裸肌蜜,其他,ALASKA,專櫃
NARS,瞬效裸肌蜜,其他,FINLAND,專櫃
NARS,瞬效裸肌蜜,其他,GOTLAND,專櫃
NARS,瞬效裸肌蜜,其他,GROENLAND,專櫃
NARS,瞬效裸肌蜜,其他,MYKONOS,專櫃
NARS,瞬效裸肌蜜,其他,NORWICH,專櫃
NARS,瞬效裸肌蜜,其他,ST. MORITZ,專櫃
NARS,瞬效裸肌蜜,其他,SYDNEY,專櫃
NARS,瞬效裸肌蜜,其他,TERRE-NEUVE,專櫃
NARS,玩美光透美白粉底液,粉底液,GOBI,專櫃
NARS,玩美光透美白粉底液,粉底液,BARCELONA,專櫃
NARS,玩美光透美白粉底液,粉底液,DEAUVILLE,專櫃
NARS,玩美光透美白粉底液,粉底液,FIJI,專櫃
NARS,玩美光透美白粉底液,粉底液,MONT BLANC,專櫃
NARS,玩美光透美白粉底液,粉底液,OSLO,專櫃
NARS,玩美光透美白粉底液,粉底液,PATAGONIA,專櫃
NARS,玩美光透美白粉底液,粉底液,PUNJAB,專櫃
NARS,玩美光透美白粉底液,粉底液,SAHEL,專櫃
NARS,玩美光透美白粉底液,粉底液,SALZBURG,專櫃
NARS,玩美光透美白粉底液,粉底液,SANTA FE,專櫃
NARS,玩美光透美白粉底液,粉底液,STROMBOLI,專櫃
NARS,玩美光透美白粉底液,粉底液,VALLAURIS,專櫃
NARS,玩美光透美白粉底液,粉底液,VIENNA,專櫃
NARS,玩美光透美白粉底液,粉底液,YUKON,專櫃
KRYOLAN 歌劇魅影,光影塑形三效粉霜,粉底霜,15雪白蜜糖色new,專櫃
KRYOLAN 歌劇魅影,光影塑形三效粉霜,粉底霜,7白皙膚色,專櫃
KRYOLAN 歌劇魅影,光影塑形三效粉霜,粉底霜,2一般膚色,專櫃
KRYOLAN 歌劇魅影,光影塑形三效粉霜,粉底霜,8健康膚色,專櫃
KRYOLAN 歌劇魅影,光影塑形三效粉霜,粉底霜,9焦糖辣妹膚色,專櫃
KRYOLAN 歌劇魅影,氣感補光粉餅,粉餅,TE1亮白色,專櫃
KRYOLAN 歌劇魅影,氣感補光粉餅,粉餅,TE2亮膚色,專櫃
KRYOLAN 歌劇魅影,燦妍無瑕粉底,粉底霜,ALA白皙色,專櫃
KRYOLAN 歌劇魅影,燦妍無瑕粉底,粉底霜,3W淺膚色,專櫃
KRYOLAN 歌劇魅影,燦妍無瑕粉底,粉底霜,G177自然色,專櫃
KRYOLAN 歌劇魅影,燦妍無瑕粉底,粉底霜,NB1健康色,專櫃
KRYOLAN 歌劇魅影,超濾鏡粉底液,粉底液,P02粉嫩白皙色,專櫃
KRYOLAN 歌劇魅影,超濾鏡粉底液,粉底液,O12裸膚自然色,專櫃
KRYOLAN 歌劇魅影,超濾鏡粉底液,粉底液,Y25自然膚色,專櫃
KRYOLAN 歌劇魅影,藝術家霓采餅,粉餅,朝暮玫瑰RosySensation,專櫃
KRYOLAN 歌劇魅影,藝術家霓采餅,粉餅,月光派對MoonDust,專櫃
KRYOLAN 歌劇魅影,控油粉久好啵棒,其他,1W白皙偏粉色,專櫃
KRYOLAN 歌劇魅影,控油粉久好啵棒,其他,2W自然膚色偏粉,專櫃
KRYOLAN 歌劇魅影,控油粉久好啵棒,其他,OB1自然膚色偏黃,專櫃
KRYOLAN 歌劇魅影,控油粉久好啵棒,其他,EF21亮白皙色,專櫃
KRYOLAN 歌劇魅影,控油粉久好啵棒,其他,3W自然膚色,專櫃
KRYOLAN 歌劇魅影,控油粉久好啵棒,其他,NB自然膚色偏深,專櫃
KRYOLAN 歌劇魅影,凝水粉妝慕絲,其他,TM1膚色,專櫃
KRYOLAN 歌劇魅影,凝水粉妝慕絲,其他,TM2白皙色,專櫃
MAKE UP FOR EVER,HD SKIN 粉無痕美肌氣墊粉餅 SPF 50+/PA++++,氣墊,1N00,專櫃
MAKE UP FOR EVER,HD SKIN 粉無痕美肌氣墊粉餅 SPF 50+/PA++++,氣墊,1Y00,專櫃
MAKE UP FOR EVER,HD SKIN 粉無痕美肌氣墊粉餅 SPF 50+/PA++++,氣墊,1R02,專櫃
MAKE UP FOR EVER,HD SKIN 粉無痕美肌氣墊粉餅 SPF 50+/PA++++,氣墊,1N06,專櫃
MAKE UP FOR EVER,HD SKIN 粉無痕美肌氣墊粉餅 SPF 50+/PA++++,氣墊,1N14,專櫃
MAKE UP FOR EVER,HD SKIN粉無痕柔霧空氣粉餅,粉餅,1N00,專櫃
MAKE UP FOR EVER,HD SKIN粉無痕柔霧空氣粉餅,粉餅,1R02,專櫃
MAKE UP FOR EVER,HD SKIN粉無痕柔霧空氣粉餅,粉餅,1Y04,專櫃
MAKE UP FOR EVER,HD SKIN粉無痕柔霧空氣粉餅,粉餅,1N06,專櫃
MAKE UP FOR EVER,HD SKIN粉無痕柔霧空氣粉餅,粉餅,1Y08,專櫃
MAKE UP FOR EVER,HD SKIN粉無痕柔霧空氣粉餅,粉餅,1N10,專櫃
MAKE UP FOR EVER,HD SKIN粉無痕柔霧空氣粉餅,粉餅,1R12,專櫃
MAKE UP FOR EVER,HD SKIN粉無痕柔霧空氣粉餅,粉餅,1N14,專櫃
MAKE UP FOR EVER,HD SKIN粉無痕柔霧空氣粉餅,粉餅,2N22,專櫃
MAKE UP FOR EVER,HD SKIN粉無痕柔霧空氣粉餅,粉餅,2R24,專櫃
MAKE UP FOR EVER,HD SKIN 粉無痕持久粉底液 30ml,粉底液,1N00,專櫃
MAKE UP FOR EVER,HD SKIN 粉無痕持久粉底液 30ml,粉底液,1Y04,專櫃
MAKE UP FOR EVER,HD SKIN 粉無痕持久粉底液 30ml,粉底液,1N06,專櫃
MAKE UP FOR EVER,HD SKIN 粉無痕持久粉底液 30ml,粉底液,1N10,專櫃
MAKE UP FOR EVER,HD SKIN 粉無痕持久粉底液 30ml,粉底液,1Y18,專櫃
MAKE UP FOR EVER,HD SKIN 粉無痕持久粉底液 30ml,粉底液,2Y20,專櫃
MAKE UP FOR EVER,HD SKIN 粉無痕持久粉底液 30ml,粉底液,2N22,專櫃
MAKE UP FOR EVER,HD SKIN 粉無痕持久粉底液 30ml,粉底液,2N26,專櫃
MAKE UP FOR EVER,HD SKIN 粉無痕持久粉底液 30ml,粉底液,2N34,專櫃
MAKE UP FOR EVER,HD SKIN 粉無痕持久粉底液 30ml,粉底液,2Y36,專櫃
MAKE UP FOR EVER,HD SKIN 粉無痕持久粉底液 30ml,粉底液,3N54,專櫃
MAKE UP FOR EVER,ULTRA HD 超進化無瑕粉妝條,其他,R230,專櫃
MAKE UP FOR EVER,ULTRA HD 超進化無瑕粉妝條,其他,Y215,專櫃
MAKE UP FOR EVER,ULTRA HD 超進化無瑕粉妝條,其他,Y225,專櫃
MAKE UP FOR EVER,ULTRA HD 超進化無瑕粉妝條,其他,Y245,專櫃
MAKE UP FOR EVER,ULTRA HD 超進化無瑕粉妝條,其他,Y505,專櫃
DIOR,超完美持久柔光粉底液,粉底液,0N,專櫃
DIOR,超完美持久柔光粉底液,粉底液,0.5N,專櫃
DIOR,超完美持久柔光粉底液,粉底液,1CR,專櫃
DIOR,超完美持久柔光粉底液,粉底液,1N,專櫃
DIOR,超完美持久柔光粉底液,粉底液,1W,專櫃
DIOR,超完美持久柔光粉底液,粉底液,1.5N,專櫃
DIOR,超完美持久柔光粉底液,粉底液,2N,專櫃
DIOR,超完美持久柔光粉底液,粉底液,3N,專櫃
DIOR,超完美持久柔霧粉底液,粉底液,0N,專櫃
DIOR,超完美持久柔霧粉底液,粉底液,0.5N,專櫃
DIOR,超完美持久柔霧粉底液,粉底液,1CR,專櫃
DIOR,超完美持久柔霧粉底液,粉底液,1N,專櫃
DIOR,超完美持久柔霧粉底液,粉底液,1W,專櫃
DIOR,超完美持久柔霧粉底液,粉底液,1.5N,專櫃
DIOR,超完美持久柔霧粉底液,粉底液,2N,專櫃
DIOR,超完美持久柔霧粉底液,粉底液,3N,專櫃
DIOR,逆時能量粉底液,粉底液,2N,專櫃
DIOR,精萃再生花蜜微導粉底,粉底液,0N,專櫃
DIOR,精萃再生花蜜微導粉底,粉底液,1CR,專櫃
DIOR,精萃再生花蜜微導粉底,粉底液,1N,專櫃
DIOR,精萃再生花蜜微導粉底,粉底液,2N,專櫃
DIOR,精萃再生花蜜微導粉底,粉底液,3N,專櫃
DIOR,迪奧超完美特務粉底液,粉底液,象牙色 白皙中性調膚色,專櫃
DIOR,迪奧超完美特務粉底液,粉底液,象牙色 明亮中性調膚色,專櫃
DIOR,迪奧超完美特務粉底液,粉底液,淺米色 自然中性調膚色,專櫃
DIOR,迪奧超完美特務粉底液,粉底液,亞麻色 自然暖性調膚色,專櫃
DIOR,迪奧超完美特務粉底液,粉底液,淺米色 健康中性調膚色,專櫃
DIOR,迪奧超完美水潤光氣墊粉餅,氣墊,0N,專櫃
DIOR,迪奧超完美水潤光氣墊粉餅,氣墊,0.5N,專櫃
DIOR,迪奧超完美水潤光氣墊粉餅,氣墊,1N,專櫃
DIOR,迪奧超完美水潤光氣墊粉餅,氣墊,2N,專櫃
DIOR,迪奧超完美柔霧光氣墊粉餅,氣墊,0N,專櫃
DIOR,迪奧超完美柔霧光氣墊粉餅,氣墊,0.5N,專櫃
DIOR,迪奧超完美柔霧光氣墊粉餅,氣墊,1CR,專櫃
DIOR,迪奧超完美柔霧光氣墊粉餅,氣墊,1N,專櫃
DIOR,迪奧超完美柔霧光氣墊粉餅,氣墊,1W,專櫃
DIOR,迪奧超完美柔霧光氣墊粉餅,氣墊,2N,專櫃
DIOR,DIOR精萃再生玫瑰氣墊粉餅,氣墊,010,專櫃
DIOR,DIOR精萃再生玫瑰氣墊粉餅,氣墊,020,專櫃
DIOR,DIOR精萃再生玫瑰氣墊粉餅,氣墊,030,專櫃
DIOR,超級夢幻美肌氣墊粉餅SPF 50 PA+++,氣墊,010,專櫃
DIOR,超級夢幻美肌氣墊粉餅SPF 50 PA+++,氣墊,020,專櫃
DIOR,DIOR超完美輕透霧粉餅,粉餅,00,專櫃
DIOR,DIOR超完美輕透霧粉餅,粉餅,0N,專櫃
DIOR,DIOR超完美輕透霧粉餅,粉餅,1CR,專櫃
DIOR,DIOR超完美輕透霧粉餅,粉餅,1N,專櫃
DIOR,DIOR超完美輕透霧粉餅,粉餅,1W,專櫃
DIOR,DIOR超完美輕透霧粉餅,粉餅,1.5N,專櫃
DIOR,DIOR超完美輕透霧粉餅,粉餅,2N,專櫃
DIOR,DIOR超完美輕透霧粉餅,粉餅,3N,專櫃
DIOR,迪奧雪晶靈透亮水霧光粉餅,粉餅,0N 極白皙中性調膚色,專櫃
DIOR,迪奧雪晶靈透亮水霧光粉餅,粉餅,1N 白皙中性調膚色,專櫃
DIOR,迪奧雪晶靈透亮水霧光粉餅,粉餅,1W 白皙暖色調膚色,專櫃
DIOR,迪奧雪晶靈透亮水霧光粉餅,粉餅,2N 自然中性調膚色,專櫃
DIOR,迪奧雪晶靈透亮水霧光粉餅,粉餅,3N 健康中性調膚色,專櫃
cle de peau 肌膚之鑰,水潤光采氣墊粉霜,氣墊,I10,專櫃
cle de peau 肌膚之鑰,水潤光采氣墊粉霜,氣墊,O10,專櫃
cle de peau 肌膚之鑰,水潤光采氣墊粉霜,氣墊,O20,專櫃
cle de peau 肌膚之鑰,水潤光采氣墊粉霜,氣墊,O30,專櫃
cle de peau 肌膚之鑰,水潤光采氣墊粉霜,氣墊,B10,專櫃
cle de peau 肌膚之鑰,水潤光采氣墊粉霜,氣墊,B20,專櫃
cle de peau 肌膚之鑰,水潤光采氣墊粉霜,氣墊,BF10,專櫃
cle de peau 肌膚之鑰,水潤光采氣墊粉霜,氣墊,BF20,專櫃
cle de peau 肌膚之鑰,精質光采粉底乳霜,粉底霜,I10,專櫃
cle de peau 肌膚之鑰,精質光采粉底乳霜,粉底霜,O10,專櫃
cle de peau 肌膚之鑰,精質光采粉底乳霜,粉底霜,O20,專櫃
cle de peau 肌膚之鑰,精質光采粉底乳霜,粉底霜,O30,專櫃
cle de peau 肌膚之鑰,精質光采粉底乳霜,粉底霜,B00,專櫃
cle de peau 肌膚之鑰,精質光采粉底乳霜,粉底霜,B10,專櫃
cle de peau 肌膚之鑰,精質光采粉底乳霜,粉底霜,B20,專櫃
cle de peau 肌膚之鑰,精質光采粉底乳霜,粉底霜,BF10,專櫃
cle de peau 肌膚之鑰,精質光采粉底乳霜,粉底霜,BF20,專櫃
cle de peau 肌膚之鑰,恆潤光采氣墊粉霜,氣墊,I10,專櫃
cle de peau 肌膚之鑰,恆潤光采氣墊粉霜,氣墊,O10,專櫃
cle de peau 肌膚之鑰,恆潤光采氣墊粉霜,氣墊,O20,專櫃
cle de peau 肌膚之鑰,恆潤光采氣墊粉霜,氣墊,O30,專櫃
cle de peau 肌膚之鑰,恆潤光采氣墊粉霜,氣墊,B10,專櫃
cle de peau 肌膚之鑰,恆潤光采氣墊粉霜,氣墊,B20,專櫃
cle de peau 肌膚之鑰,恆潤光采氣墊粉霜,氣墊,BF10,專櫃
cle de peau 肌膚之鑰,恆潤光采氣墊粉霜,氣墊,BF20,專櫃
cle de peau 肌膚之鑰,恆潤絲緞光采粉霜,粉底霜,I10,專櫃
cle de peau 肌膚之鑰,恆潤絲緞光采粉霜,粉底霜,O10,專櫃
cle de peau 肌膚之鑰,恆潤絲緞光采粉霜,粉底霜,O20,專櫃
cle de peau 肌膚之鑰,恆潤絲緞光采粉霜,粉底霜,O30,專櫃
cle de peau 肌膚之鑰,恆潤絲緞光采粉霜,粉底霜,B10,專櫃
cle de peau 肌膚之鑰,恆潤絲緞光采粉霜,粉底霜,B20,專櫃
cle de peau 肌膚之鑰,恆潤絲緞光采粉霜,粉底霜,BF10,專櫃
cle de peau 肌膚之鑰,恆潤絲緞光采粉霜,粉底霜,BF20,專櫃
cle de peau 肌膚之鑰,恆潤光采粉凝露,粉底液,I10,專櫃
cle de peau 肌膚之鑰,恆潤光采粉凝露,粉底液,O10,專櫃
cle de peau 肌膚之鑰,恆潤光采粉凝露,粉底液,O20,專櫃
cle de peau 肌膚之鑰,恆潤光采粉凝露,粉底液,O30,專櫃
cle de peau 肌膚之鑰,恆潤光采粉凝露,粉底液,B10,專櫃
cle de peau 肌膚之鑰,恆潤光采粉凝露,粉底液,B20,專櫃
cle de peau 肌膚之鑰,恆潤光采粉凝露,粉底液,BF10,專櫃
cle de peau 肌膚之鑰,恆潤光采粉凝露,粉底液,BF20,專櫃
cle de peau 肌膚之鑰,恆霧光潤粉凝露,粉底液,I10,專櫃
cle de peau 肌膚之鑰,恆霧光潤粉凝露,粉底液,O10,專櫃
cle de peau 肌膚之鑰,恆霧光潤粉凝露,粉底液,O20,專櫃
cle de peau 肌膚之鑰,恆霧光潤粉凝露,粉底液,O30,專櫃
cle de peau 肌膚之鑰,恆霧光潤粉凝露,粉底液,B10,專櫃
cle de peau 肌膚之鑰,恆霧光潤粉凝露,粉底液,B20,專櫃
cle de peau 肌膚之鑰,恆霧光潤粉凝露,粉底液,BF10,專櫃
cle de peau 肌膚之鑰,恆霧光潤粉凝露,粉底液,BF20,專櫃
cle de peau 肌膚之鑰,裸紗光采粉餅,粉餅,I10,專櫃
cle de peau 肌膚之鑰,裸紗光采粉餅,粉餅,O10,專櫃
cle de peau 肌膚之鑰,裸紗光采粉餅,粉餅,O20,專櫃
cle de peau 肌膚之鑰,裸紗光采粉餅,粉餅,O30,專櫃
cle de peau 肌膚之鑰,裸紗光采粉餅,粉餅,B10,專櫃
cle de peau 肌膚之鑰,裸紗光采粉餅,粉餅,B20,專櫃
cle de peau 肌膚之鑰,裸紗光采粉餅,粉餅,BF20,專櫃
cle de peau 肌膚之鑰,柔光嫩白粉餅,粉餅,I10,專櫃
cle de peau 肌膚之鑰,柔光嫩白粉餅,粉餅,O10,專櫃
cle de peau 肌膚之鑰,柔光嫩白粉餅,粉餅,O20,專櫃
cle de peau 肌膚之鑰,柔光嫩白粉餅,粉餅,O30,專櫃
cle de peau 肌膚之鑰,柔光嫩白粉餅,粉餅,B10,專櫃
cle de peau 肌膚之鑰,柔光嫩白粉餅,粉餅,BF20,專櫃
LAURA MERCIER,煥顏氣墊粉餅,氣墊,SHELL,專櫃
LAURA MERCIER,煥顏氣墊粉餅,氣墊,PEARL_IVORY,專櫃
LAURA MERCIER,煥顏氣墊粉餅,氣墊,MACADA,專櫃
LAURA MERCIER,煥顏氣墊粉餅,氣墊,IVORY,專櫃
LAURA MERCIER,煥顏氣墊粉餅,氣墊,CREME,專櫃
LAURA MERCIER,煥顏氣墊粉餅,氣墊,CASHEW,專櫃
LAURA MERCIER,致煥顏輕透完美粉底,粉底液,3W1,專櫃
LAURA MERCIER,致煥顏輕透完美粉底,粉底液,3W0,專櫃
LAURA MERCIER,致煥顏輕透完美粉底,粉底液,3N1,專櫃
LAURA MERCIER,致煥顏輕透完美粉底,粉底液,3C1,專櫃
LAURA MERCIER,致煥顏輕透完美粉底,粉底液,2W2,專櫃
LAURA MERCIER,致煥顏輕透完美粉底,粉底液,2W1,專櫃
LAURA MERCIER,致煥顏輕透完美粉底,粉底液,2N1,專櫃
LAURA MERCIER,致煥顏輕透完美粉底,粉底液,2C2,專櫃
LAURA MERCIER,致煥顏輕透完美粉底,粉底液,2C1,專櫃
LAURA MERCIER,致煥顏輕透完美粉底,粉底液,1W1,專櫃
LAURA MERCIER,致煥顏輕透完美粉底,粉底液,1C2,專櫃
LAURA MERCIER,致煥顏輕透完美粉底,粉底液,1C1,專櫃
LAURA MERCIER,致煥顏輕透完美粉底,粉底液,0W1,專櫃
LAURA MERCIER,致煥顏輕透完美粉底,粉底液,0N1,專櫃
LAURA MERCIER,致煥顏輕透完美粉底,粉底液,0C1,專櫃
LAURA MERCIER,零色差專業粉餅,粉餅,01,專櫃
LAURA MERCIER,零色差專業粉餅,粉餅,02,專櫃
LAURA MERCIER,零色差專業粉餅,粉餅,03,專櫃
LAURA MERCIER,零色差專業粉餅,粉餅,04,專櫃
LAURA MERCIER,零色差專業粉餅,粉餅,05,專櫃
LAURA MERCIER,零色差專業粉餅,粉餅,06,專櫃
LAURA MERCIER,零色差專業粉餅,粉餅,07,專櫃
LAURA MERCIER,零色差專業粉餅,粉餅,08,專櫃
LAURA MERCIER,零色差專業粉餅,粉餅,09,專櫃
LAURA MERCIER,零色差專業粉餅,粉餅,10,專櫃
LAURA MERCIER,零色差專業粉餅,粉餅,11,專櫃
LAURA MERCIER,零色差專業粉餅,粉餅,12,專櫃
LAURA MERCIER,零色差專業粉餅,粉餅,13,專櫃
LAURA MERCIER,零色差專業粉餅,粉餅,14,專櫃
LAURA MERCIER,零色差專業粉餅,粉餅,15,專櫃
LAURA MERCIER,零色差專業粉餅,粉餅,16,專櫃
LAURA MERCIER,零色差專業粉餅,粉餅,17,專櫃
LAURA MERCIER,零色差專業粉餅,粉餅,18,專櫃
LAURA MERCIER,零色差專業粉餅,粉餅,19,專櫃
LAURA MERCIER,零色差專業粉餅,粉餅,20,專櫃
CHANEL,香奈兒恆潤裸光水慕絲粉底 SPF25/PA++,粉底液,B10 裸膚色中性色調 ,專櫃
CHANEL,香奈兒恆潤裸光水慕絲粉底 SPF25/PA++,粉底液,BR12 裸膚色帶粉色調 ,專櫃
CHANEL,香奈兒恆潤裸光水慕絲粉底 SPF25/PA++,粉底液,B20 自然裸膚色中性色調 ,專櫃
CHANEL,香奈兒恆潤裸光水慕絲粉底 SPF25/PA++,粉底液,BD21 自然裸膚色帶暖色調 ,專櫃
CHANEL,香奈兒恆潤裸光水慕絲粉底 SPF25/PA++,粉底液,BR22 自然裸膚色帶粉色調 ,專櫃
CHANEL,香奈兒恆潤裸光水慕絲粉底 SPF25/PA++,粉底液,B30 健康膚色中性色調 ,專櫃
CHANEL,香奈兒恆潤裸光水慕絲粉底 SPF25/PA++,粉底液,BD01 白皙膚色帶暖色調,專櫃
CHANEL,香奈兒恆潤裸光水慕絲粉底 SPF25/PA++,粉底液,BD31 健康膚色帶暖色調 ,專櫃
CHANEL,香奈兒恆潤裸光水慕絲粉底 SPF25/PA++,粉底液,BR32 健康膚色帶粉色調,專櫃
CHANEL,香奈兒恆潤裸光水慕絲粉底 SPF25/PA++,粉底液,B40 黝黑膚色中性色調 ,專櫃
CHANEL,香奈兒雪紡輕霧持久粉底,粉底液,B10 自然偏白中性膚色 ,專櫃
CHANEL,香奈兒雪紡輕霧持久粉底,粉底液,BR12 自然偏白帶粉膚色 ,專櫃
CHANEL,香奈兒雪紡輕霧持久粉底,粉底液,B20 自然裸膚中性膚色 ,專櫃
CHANEL,香奈兒雪紡輕霧持久粉底,粉底液,BD21 自然裸膚偏暖膚色 ,專櫃
CHANEL,香奈兒雪紡輕霧持久粉底,粉底液,BR22 自然裸膚偏粉膚色 ,專櫃
CHANEL,香奈兒雪紡輕霧持久粉底,粉底液,B30 健康中性膚色 ,專櫃
CHANEL,香奈兒雪紡輕霧持久粉底,粉底液,BD31 健康偏暖膚色 ,專櫃
CHANEL,香奈兒雪紡輕霧持久粉底,粉底液,BR32 健康偏粉膚色 ,專櫃
CHANEL,香奈兒雪紡輕霧持久粉底,粉底液,B40 健康中性膚色 ,專櫃
CHANEL,香奈兒雪紡輕霧持久粉底,粉底液,BD41 健康偏暖膚色 ,專櫃
CHANEL,香奈兒雪紡輕霧持久粉底,粉底液,B50 自然偏深中性膚色 ,專櫃
CHANEL,香奈兒原生美肌精萃凝凍粉餅 SPF 30 / PA+++,氣墊,BD01,專櫃
CHANEL,香奈兒原生美肌精萃凝凍粉餅 SPF 30 / PA+++,氣墊,B10,專櫃
CHANEL,香奈兒原生美肌精萃凝凍粉餅 SPF 30 / PA+++,氣墊,BR12,專櫃
CHANEL,香奈兒原生美肌精萃凝凍粉餅 SPF 30 / PA+++,氣墊,B20,專櫃
CHANEL,香奈兒原生美肌精萃凝凍粉餅 SPF 30 / PA+++,氣墊,BD21,專櫃
CHANEL,香奈兒原生美肌精萃凝凍粉餅 SPF 30 / PA+++,氣墊,BR22,專櫃
CHANEL,香奈兒時尚裸光微滴粉底精華,粉底液,明亮,專櫃
CHANEL,香奈兒時尚裸光微滴粉底精華,粉底液,自然,專櫃
CHANEL,香奈兒時尚裸光微滴粉底精華,粉底液,健康,專櫃
CHANEL,香奈兒奢華晶燦賦活粉底精萃,粉底液,B10,專櫃
CHANEL,香奈兒奢華晶燦賦活粉底精萃,粉底液,BR12,專櫃
CHANEL,香奈兒奢華晶燦賦活粉底精萃,粉底液,B20,專櫃
CHANEL,香奈兒奢華晶燦賦活粉底精萃,粉底液,BD21,專櫃
CHANEL,香奈兒奢華晶燦賦活粉底精萃,粉底液,BR22,專櫃
CHANEL,香奈兒奢華晶燦賦活粉底精萃,粉底液,B30,專櫃
CHANEL,香奈兒原生美肌微滴水粉底,粉底液,B10,專櫃
CHANEL,香奈兒原生美肌微滴水粉底,粉底液,BR12,專櫃
CHANEL,香奈兒原生美肌微滴水粉底,粉底液,B20,專櫃
CHANEL,香奈兒原生美肌微滴水粉底,粉底液,BD21,專櫃
CHANEL,香奈兒原生美肌微滴水粉底,粉底液,B30,專櫃
CHANEL,香奈兒原生美肌微滴水粉底,粉底液,B40,專櫃
CHANEL,香奈兒珍珠光感輕透防護粉餅SPF 25/PA+++,粉餅,B10,專櫃
CHANEL,香奈兒珍珠光感輕透防護粉餅SPF 25/PA+++,粉餅,BR22,專櫃
CHANEL,香奈兒珍珠光感輕透防護粉餅SPF 25/PA+++,粉餅,B20,專櫃
CHANEL,香奈兒珍珠光感輕透防護粉餅SPF 25/PA+++,粉餅,BR22,專櫃
CHANEL,香奈兒珍珠光感輕透防護粉餅SPF 25/PA+++,粉餅,B30,專櫃
CHANEL,香奈兒珍珠光感輕透防護粉餅SPF 25/PA+++,粉餅,BD01,專櫃
CHANEL,香奈兒雪紡輕紗持久粉餅,粉餅,B10,專櫃
CHANEL,香奈兒雪紡輕紗持久粉餅,粉餅,BR22,專櫃
CHANEL,香奈兒雪紡輕紗持久粉餅,粉餅,B20,專櫃
CHANEL,香奈兒雪紡輕紗持久粉餅,粉餅,BD21,專櫃
CHANEL,香奈兒雪紡輕紗持久粉餅,粉餅,BR22,專櫃
CHANEL,香奈兒雪紡輕紗持久粉餅,粉餅,B30,專櫃
CHANEL,香奈兒奢華晶鑽賦活粉底乳霜,粉底霜,10 - BEIGE ,專櫃
CHANEL,香奈兒奢華晶鑽賦活粉底乳霜,粉底霜,12 - BEIGE ROSÉ ,專櫃
CHANEL,香奈兒奢華晶鑽賦活粉底乳霜,粉底霜,20 - BEIGE ,專櫃
CHANEL,香奈兒奢華晶鑽賦活粉底乳霜,粉底霜,21 - BEIGE ,專櫃
CHANEL,香奈兒奢華晶鑽賦活粉底乳霜,粉底霜,22 - BEIGE ROSÉ ,專櫃
CHANEL,香奈兒奢華晶鑽賦活粉底乳霜,粉底霜,30 - BEIGE ,專櫃
CHANEL,香奈兒奢華晶鑽賦活粉底乳霜,粉底霜,01 - BEIGE,專櫃
CHANEL,香奈兒1號紅色山茶花活能粉底液,粉底液,BD01 ,專櫃
CHANEL,香奈兒1號紅色山茶花活能粉底液,粉底液,B10 ,專櫃
CHANEL,香奈兒1號紅色山茶花活能粉底液,粉底液,BR12 ,專櫃
CHANEL,香奈兒1號紅色山茶花活能粉底液,粉底液,B20 ,專櫃
CHANEL,香奈兒1號紅色山茶花活能粉底液,粉底液,BD21 ,專櫃
CHANEL,香奈兒1號紅色山茶花活能粉底液,粉底液,BR22 ,專櫃
CHANEL,香奈兒1號紅色山茶花活能粉底液,粉底液,B30 ,專櫃
CHANEL,香奈兒超保水能量CC霜 SPF50,其他,10 - BEIGE,專櫃
CHANEL,香奈兒超保水能量CC霜 SPF50,其他,20 - BEIGE,專櫃
SUQQU,晶采光艷粉餅,粉餅,020,專櫃
SUQQU,晶采光艷粉餅,粉餅,030,專櫃
SUQQU,晶采光艷粉餅,粉餅,040,專櫃
SUQQU,晶采光艷粉餅,粉餅,110,專櫃
SUQQU,晶采光艷粉餅,粉餅,120,專櫃
SUQQU,晶采光艷粉餅,粉餅,150,專櫃
SUQQU,晶采光艷粉餅,粉餅,160,專櫃
SUQQU,晶采光艷粉餅,粉餅,210,專櫃
SUQQU,晶采光艷粉餅,粉餅,220,專櫃
SUQQU,絕緻艷澤粉霜,粉底霜,020,專櫃
SUQQU,絕緻艷澤粉霜,粉底霜,105,專櫃
SUQQU,絕緻艷澤粉霜,粉底霜,110,專櫃
SUQQU,絕緻艷澤粉霜,粉底霜,115,專櫃
SUQQU,絕緻艷澤粉霜,粉底霜,125,專櫃
SUQQU,絕緻艷澤粉霜,粉底霜,205,專櫃
SUQQU,絕緻艷澤粉霜,粉底霜,210,專櫃
SUQQU,絕緻艷澤粉霜,粉底霜,220,專櫃
SUQQU,絕緻艷澤粉霜,粉底霜,025,專櫃
SUQQU,絕緻艷澤粉霜,粉底霜,030,專櫃
SUQQU,絕緻艷澤粉霜,粉底霜,035,專櫃
SUQQU,絕緻艷澤粉霜,粉底霜,040,專櫃
SUQQU,絕緻艷澤粉霜,粉底霜,130,專櫃
SUQQU,絕緻艷澤粉霜,粉底霜,140,專櫃
SUQQU,絕緻艷澤粉霜,粉底霜,240,專櫃
SUQQU,晶采光透水凝粉餅,氣墊,10 Light,專櫃
SUQQU,晶采光透水凝粉餅,氣墊,20 Medium,專櫃
SUQQU,晶采光透水凝粉餅,氣墊,30 Medium Deep,專櫃
SUQQU,晶采艷澤粉底液,粉底液,020,專櫃
SUQQU,晶采艷澤粉底液,粉底液,025,專櫃
SUQQU,晶采艷澤粉底液,粉底液,030,專櫃
SUQQU,晶采艷澤粉底液,粉底液,035,專櫃
SUQQU,晶采艷澤粉底液,粉底液,040,專櫃
SUQQU,晶采艷澤粉底液,粉底液,105,專櫃
SUQQU,晶采艷澤粉底液,粉底液,110,專櫃
SUQQU,晶采艷澤粉底液,粉底液,115,專櫃
SUQQU,晶采艷澤粉底液,粉底液,125,專櫃
SUQQU,晶采艷澤粉底液,粉底液,130,專櫃
SUQQU,晶采艷澤粉底液,粉底液,140,專櫃
SUQQU,晶采艷澤粉底液,粉底液,210,專櫃
SUQQU,晶采艷澤粉底液,粉底液,220,專櫃
SUQQU,晶采艷澤粉底液,粉底液,240,專櫃
RMK,持妝凝膠粉霜,其他,100,專櫃
RMK,持妝凝膠粉霜,其他,101,專櫃
RMK,持妝凝膠粉霜,其他,102,專櫃
RMK,持妝凝膠粉霜,其他,103,專櫃
RMK,持妝凝膠粉霜,其他,104,專櫃
RMK,持妝凝膠粉霜,其他,105,專櫃
RMK,持妝凝膠粉霜,其他,200L,專櫃
RMK,持妝凝膠粉霜,其他,201,專櫃
RMK,持妝凝膠粉霜,其他,202,專櫃
RMK,水凝修顏粉凝露,其他,01 明亮膚色調,專櫃
RMK,水凝修顏粉凝露,其他,02 自然膚色調,專櫃
RMK,完美無瑕粉底液,粉底液,100,專櫃
RMK,完美無瑕粉底液,粉底液,101,專櫃
RMK,完美無瑕粉底液,粉底液,102,專櫃
RMK,完美無瑕粉底液,粉底液,103,專櫃
RMK,完美無瑕粉底液,粉底液,104,專櫃
RMK,完美無瑕粉底液,粉底液,105,專櫃
RMK,完美無瑕粉底液,粉底液,200L,專櫃
RMK,完美無瑕粉底液,粉底液,201,專櫃
RMK,完美無瑕粉底液,粉底液,202,專櫃
RMK,輕柔空氣感粉餅,粉餅,100,專櫃
RMK,輕柔空氣感粉餅,粉餅,101,專櫃
RMK,輕柔空氣感粉餅,粉餅,102,專櫃
RMK,輕柔空氣感粉餅,粉餅,103,專櫃
RMK,輕柔空氣感粉餅,粉餅,104,專櫃
RMK,輕柔空氣感粉餅,粉餅,105,專櫃
RMK,輕柔空氣感粉餅,粉餅,201,專櫃
RMK,輕柔空氣感粉餅,粉餅,202,專櫃
RMK,透光勻色粉底液,粉底液,01,專櫃
RMK,透光勻色粉底液,粉底液,02,專櫃
RMK,透光勻色粉底液,粉底液,03,專櫃
RMK,透光勻色粉底液,粉底液,04,專櫃
RMK,透光勻色粉底液,粉底液,05,專櫃
RMK,水凝美肌粉霜,粉底霜,100,專櫃
RMK,水凝美肌粉霜,粉底霜,101,專櫃
RMK,水凝美肌粉霜,粉底霜,102,專櫃
RMK,水凝美肌粉霜,粉底霜,103,專櫃
RMK,水凝美肌粉霜,粉底霜,104,專櫃
RMK,水凝美肌粉霜,粉底霜,105,專櫃
RMK,水凝美肌粉霜,粉底霜,200L,專櫃
RMK,水凝美肌粉霜,粉底霜,201,專櫃
RMK,水凝美肌粉霜,粉底霜,202,專櫃
RMK,水凝柔光粉霜,粉底霜,100,專櫃
RMK,水凝柔光粉霜,粉底霜,101,專櫃
RMK,水凝柔光粉霜,粉底霜,102,專櫃
RMK,水凝柔光粉霜,粉底霜,103,專櫃
RMK,水凝柔光粉霜,粉底霜,104,專櫃
RMK,水凝柔光粉霜,粉底霜,105,專櫃
RMK,水凝柔光粉霜,粉底霜,201,專櫃
RMK,水凝柔光粉霜,粉底霜,202,專櫃
RMK,液狀粉霜,其他,100,專櫃
RMK,液狀粉霜,其他,101,專櫃
RMK,液狀粉霜,其他,102,專櫃
RMK,液狀粉霜,其他,103,專櫃
RMK,液狀粉霜,其他,104,專櫃
RMK,液狀粉霜,其他,200L,專櫃
RMK,液狀粉霜,其他,201,專櫃
RMK,液狀粉霜,其他,202,專櫃
RMK,液狀粉霜,其他,203,專櫃
RMK,液狀粉霜,其他,Coffee Brown,專櫃
Guerlain 嬌蘭,24K 純金光透精華粉底,粉底液,00C,專櫃
Guerlain 嬌蘭,24K 純金光透精華粉底,粉底液,0C,專櫃
Guerlain 嬌蘭,24K 純金光透精華粉底,粉底液,0N,專櫃
Guerlain 嬌蘭,24K 純金光透精華粉底,粉底液,0W,專櫃
Guerlain 嬌蘭,24K 純金光透精華粉底,粉底液,0.5N,專櫃
Guerlain 嬌蘭,24K 純金光透精華粉底,粉底液,0.5C,專櫃
Guerlain 嬌蘭,24K 純金光透精華粉底,粉底液,0.5W,專櫃
Guerlain 嬌蘭,24K 純金光透精華粉底,粉底液,1C,專櫃
Guerlain 嬌蘭,24K 純金光透精華粉底,粉底液,1N,專櫃
Guerlain 嬌蘭,24K 純金光透精華粉底,粉底液,1W,專櫃
Guerlain 嬌蘭,24K 純金光透精華粉底,粉底液,1.5N,專櫃
Guerlain 嬌蘭,24K 純金光透精華粉底,粉底液,2N,專櫃
Guerlain 嬌蘭,24K 純金光透精華粉底,粉底液,2W,專櫃
Guerlain 嬌蘭,24K 純金光透精華粉底,粉底液,3N,專櫃
Guerlain 嬌蘭,24K 純金持久無瑕粉底,粉底液,00C,專櫃
Guerlain 嬌蘭,24K 純金持久無瑕粉底,粉底液,0C,專櫃
Guerlain 嬌蘭,24K 純金持久無瑕粉底,粉底液,0N,專櫃
Guerlain 嬌蘭,24K 純金持久無瑕粉底,粉底液,0W,專櫃
Guerlain 嬌蘭,24K 純金持久無瑕粉底,粉底液,0.5N,專櫃
Guerlain 嬌蘭,24K 純金持久無瑕粉底,粉底液,0.5C,專櫃
Guerlain 嬌蘭,24K 純金持久無瑕粉底,粉底液,0.5W,專櫃
Guerlain 嬌蘭,24K 純金持久無瑕粉底,粉底液,1C,專櫃
Guerlain 嬌蘭,24K 純金持久無瑕粉底,粉底液,1N,專櫃
Guerlain 嬌蘭,24K 純金持久無瑕粉底,粉底液,1W,專櫃
Guerlain 嬌蘭,24K 純金持久無瑕粉底,粉底液,1.5N,專櫃
Guerlain 嬌蘭,24K 純金持久無瑕粉底,粉底液,2N,專櫃
Guerlain 嬌蘭,24K 純金持久無瑕粉底,粉底液,2W,專櫃
Guerlain 嬌蘭,24K 純金持久無瑕粉底,粉底液,3N,專櫃
Guerlain 嬌蘭,金緻賦活粉底,氣墊,00N BEIGE,專櫃
Guerlain 嬌蘭,24K純金絲光氣墊粉餅,氣墊,01N,專櫃
Guerlain 嬌蘭,24K純金絲光氣墊粉餅,氣墊,00N,專櫃
Guerlain 嬌蘭,24K純金絲光氣墊粉餅,氣墊,00C,專櫃
Guerlain 嬌蘭,24K純金絲光氣墊粉餅,氣墊,B00C,專櫃
Guerlain 嬌蘭,持妝無瑕輕潤粉餅,粉餅,0C,專櫃
Guerlain 嬌蘭,持妝無瑕輕潤粉餅,粉餅,0N,專櫃
Guerlain 嬌蘭,持妝無瑕輕潤粉餅,粉餅,0.5N,專櫃
Guerlain 嬌蘭,持妝無瑕輕潤粉餅,粉餅,1C,專櫃
Guerlain 嬌蘭,持妝無瑕輕潤粉餅,粉餅,1N,專櫃
Guerlain 嬌蘭,持妝無瑕輕潤粉餅,粉餅,1W,專櫃
Guerlain 嬌蘭,持妝無瑕輕潤粉餅,粉餅,2N,專櫃
Guerlain 嬌蘭,持妝無瑕輕潤粉餅,粉餅,3N,專櫃
Guerlain 嬌蘭,持妝無瑕輕潤粉餅,粉餅,4N,專櫃
Guerlain 嬌蘭,持妝無瑕輕潤粉餅,粉餅,5N,專櫃
THREE,天使煥采精萃粉底,粉底液,100,專櫃
THREE,天使煥采精萃粉底,粉底液,101,專櫃
THREE,天使煥采精萃粉底,粉底液,102,專櫃
THREE,天使煥采精萃粉底,粉底液,202,專櫃
THREE,天使煥采精萃粉底,粉底液,203,專櫃
THREE,天使煥采精萃粉底,粉底液,204,專櫃
THREE,天使煥采精萃粉底,粉底液,205,專櫃
THREE,天使煥采精萃粉底,粉底液,206,專櫃
THREE,凝光煥顏晶粉霜,粉底霜,100,專櫃
THREE,凝光煥顏晶粉霜,粉底霜,101,專櫃
THREE,凝光煥顏晶粉霜,粉底霜,102,專櫃
THREE,凝光煥顏晶粉霜,粉底霜,202,專櫃
THREE,凝光煥顏晶粉霜,粉底霜,203,專櫃
THREE,凝光煥顏晶粉霜,粉底霜,204,專櫃
THREE,凝光煥顏晶粉霜,粉底霜,205,專櫃
THREE,凝光煥顏晶粉霜,粉底霜,206,專櫃
THREE,凝光水粉霜,其他,100,專櫃
THREE,凝光水粉霜,其他,101,專櫃
THREE,凝光水粉霜,其他,102,專櫃
THREE,凝光水粉霜,其他,202,專櫃
THREE,凝光水粉霜,其他,203,專櫃
THREE,凝光水粉霜,其他,204,專櫃
THREE,凝光水粉霜,其他,205,專櫃
THREE,凝光水粉霜,其他,206,專櫃
THREE,柔光極致晶透粉凝霜,其他,100,專櫃
THREE,柔光極致晶透粉凝霜,其他,101,專櫃
THREE,柔光極致晶透粉凝霜,其他,102,專櫃
THREE,柔光極致晶透粉凝霜,其他,202,專櫃
THREE,柔光極致晶透粉凝霜,其他,203,專櫃
THREE,柔光極致晶透粉凝霜,其他,204,專櫃
THREE,柔光極致晶透粉凝霜,其他,205,專櫃
THREE,柔光極致晶透粉凝霜,其他,206,專櫃
THREE,豔陽全效UV粉底液,粉底液,01,專櫃
THREE,豔陽全效UV粉底液,粉底液,02,專櫃
THREE,豔陽全效UV粉底液,粉底液,03,專櫃
THREE,豔陽全效UV粉底液,粉底液,04,專櫃
THREE,霧光立體粉餅,粉餅,100,專櫃
THREE,霧光立體粉餅,粉餅,101,專櫃
THREE,霧光立體粉餅,粉餅,102,專櫃
THREE,霧光立體粉餅,粉餅,202,專櫃
THREE,霧光立體粉餅,粉餅,203,專櫃
THREE,霧光立體粉餅,粉餅,204,專櫃
THREE,霧光立體粉餅,粉餅,205,專櫃
THREE,霧光立體粉餅,粉餅,206,專櫃
JUNGSAEMMOOL 鄭瑄茉,超持久光感遮瑕氣墊粉餅,氣墊,FairLight:17-19號(象牙白色),專櫃
JUNGSAEMMOOL 鄭瑄茉,超持久光感遮瑕氣墊粉餅,氣墊,N-Light:19-21號(自然偏象牙色),專櫃
JUNGSAEMMOOL 鄭瑄茉,超持久光感遮瑕氣墊粉餅,氣墊,Light:21-22號(自然偏奶油米色),專櫃
JUNGSAEMMOOL 鄭瑄茉,超持久光感遮瑕氣墊粉餅,氣墊,Medium:21-23號(自然色),專櫃
JUNGSAEMMOOL 鄭瑄茉,超持久光感裸膚氣墊粉餅,氣墊,#Fair瓷白色,專櫃
JUNGSAEMMOOL 鄭瑄茉,超持久光感裸膚氣墊粉餅,氣墊,#FairLight象牙白色,專櫃
JUNGSAEMMOOL 鄭瑄茉,超持久光感裸膚氣墊粉餅,氣墊,#FairPink粉象牙白色,專櫃
JUNGSAEMMOOL 鄭瑄茉,超持久光感裸膚氣墊粉餅,氣墊,#Light亮白色,專櫃
JUNGSAEMMOOL 鄭瑄茉,超持久光感裸膚氣墊粉餅,氣墊,#PinkLight粉白色,專櫃
JUNGSAEMMOOL 鄭瑄茉,超持久光感裸膚氣墊粉餅,氣墊,#Medium中間色,專櫃
JUNGSAEMMOOL 鄭瑄茉,超持久光感裸膚氣墊粉餅,氣墊,#DeepMedium健康色,專櫃
JUNGSAEMMOOL 鄭瑄茉,極致服貼光感氣墊粉餅,氣墊,N1 Ivory象牙白色 15-17號,專櫃
JUNGSAEMMOOL 鄭瑄茉,極致服貼光感氣墊粉餅,氣墊,N2 Vanilla奶油白色19-21號,專櫃
JUNGSAEMMOOL 鄭瑄茉,極致服貼光感氣墊粉餅,氣墊,Y4 Sand中間自然色:21-23號,專櫃
JUNGSAEMMOOL 鄭瑄茉,光感裸膚清透粉底液,粉底液,Fair 最白象牙色,專櫃
JUNGSAEMMOOL 鄭瑄茉,光感裸膚清透粉底液,粉底液,FairLight 明亮象牙色,專櫃
JUNGSAEMMOOL 鄭瑄茉,光感裸膚清透粉底液,粉底液,N-Light 自然偏象牙色,專櫃
JUNGSAEMMOOL 鄭瑄茉,光感裸膚清透粉底液,粉底液,Light 自然偏奶油米色,專櫃
JUNGSAEMMOOL 鄭瑄茉,光感裸膚清透粉底液,粉底液,Medium 中間色,專櫃
JUNGSAEMMOOL 鄭瑄茉,光感裸膚清透粉底液,粉底液,MediumDeep 健康色,專櫃
JUNGSAEMMOOL 鄭瑄茉,明星遮瑕雙效粉底盤,其他,FairLight象牙白色,專櫃
JUNGSAEMMOOL 鄭瑄茉,明星遮瑕雙效粉底盤,其他,Light亮白色,專櫃
JUNGSAEMMOOL 鄭瑄茉,明星遮瑕雙效粉底盤,其他,Medium中間色,專櫃
JUNGSAEMMOOL 鄭瑄茉,明星遮瑕雙效粉底盤,其他,DeepMedium健康色,專櫃
3INA,柔霧光美肌氣墊粉餅,氣墊,603白皙,專櫃
3INA,柔霧光美肌氣墊粉餅,氣墊,606自然,專櫃
3INA,柔霧光美肌氣墊粉餅,氣墊,633健康,專櫃
3INA,24H超時持妝粉底液,粉底液,熱賣色603,專櫃
3INA,24H超時持妝粉底液,粉底液,熱賣色606,專櫃
3INA,24H超時持妝粉底液,粉底液,627,專櫃
3INA,24H超時持妝粉底液,粉底液,633,專櫃
Valentino,高訂輕透氣墊粉餅,氣墊,LIGR2,專櫃
Valentino,高訂輕透氣墊粉餅,氣墊,LN1,專櫃
Valentino,高訂輕透氣墊粉餅,氣墊,LN2,專櫃
Valentino,高訂輕透氣墊粉餅,氣墊,LN3,專櫃
Valentino,高訂輕透氣墊粉餅,氣墊,LA1,專櫃
Valentino,高訂光感氣墊粉餅,氣墊,LN2,專櫃
Valentino,高訂光感氣墊粉餅,氣墊,LA1,專櫃
Valentino,高訂光感氣墊粉餅,氣墊,LIGR2,專櫃
Valentino,高訂光感氣墊粉餅,氣墊,LN1,專櫃
Valentino,高訂輕透粉底液,粉底液,LIGR2,專櫃
Valentino,高訂輕透粉底液,粉底液,LN2,專櫃
Valentino,高訂輕透粉底液,粉底液,LN3,專櫃
Valentino,高訂輕透粉底液,粉底液,LA1,專櫃
Valentino,高訂輕透粉底液,粉底液,LA2,專櫃
Giorgio Armani,超持妝絲絨水慕斯粉底,粉底液,1,專櫃
Giorgio Armani,超持妝絲絨水慕斯粉底,粉底液,1.5,專櫃
Giorgio Armani,超持妝絲絨水慕斯粉底,粉底液,2,專櫃
Giorgio Armani,超持妝絲絨水慕斯粉底,粉底液,2.5,專櫃
Giorgio Armani,超持妝絲絨水慕斯粉底,粉底液,3,專櫃
Giorgio Armani,超持妝絲絨水慕斯粉底,粉底液,3.5,專櫃
Giorgio Armani,超持妝絲絨水慕斯粉底,粉底液,4,專櫃
Giorgio Armani,超持妝絲絨水慕斯粉底,粉底液,5,專櫃
Giorgio Armani,超持妝絲絨水慕斯粉底,粉底液,6,專櫃
Giorgio Armani,超持妝絲絨水慕斯粉底,粉底液,7,專櫃
Giorgio Armani,超持妝絲絨水慕斯粉底,粉底液,8,專櫃
Giorgio Armani,超持妝絲絨水慕斯粉底,粉底液,9,專櫃
SHISEIDO,超聚光活膚精華粉底SPF30．PA+++,粉底液,110,專櫃
SHISEIDO,超聚光活膚精華粉底SPF30．PA+++,粉底液,120,專櫃
SHISEIDO,超聚光活膚精華粉底SPF30．PA+++,粉底液,130,專櫃
SHISEIDO,超聚光活膚精華粉底SPF30．PA+++,粉底液,140,專櫃
SHISEIDO,超聚光活膚精華粉底SPF30．PA+++,粉底液,150,專櫃
SHISEIDO,超聚光活膚精華粉底SPF30．PA+++,粉底液,160,專櫃
SHISEIDO,超聚光活膚精華粉底SPF30．PA+++,粉底液,210,專櫃
SHISEIDO,超聚光活膚精華粉底SPF30．PA+++,粉底液,220,專櫃
SHISEIDO,超聚光活膚精華粉底SPF30．PA+++,粉底液,230,專櫃
SHISEIDO,超聚光活膚精華粉底SPF30．PA+++,粉底液,240,專櫃
SHISEIDO,超聚光活膚精華粉底SPF30．PA+++,粉底液,250,專櫃
SHISEIDO,超聚光活膚精華粉底SPF30．PA+++,粉底液,260,專櫃
SHISEIDO,超聚光活膚精華粉底SPF30．PA+++,粉底液,310,專櫃
SHISEIDO,超聚光活膚精華粉底SPF30．PA+++,粉底液,320,專櫃
SHISEIDO,超聚光活膚精華粉底SPF30．PA+++,粉底液,330,專櫃
SHISEIDO,超聚光活膚精華粉底SPF30．PA+++,粉底液,340,專櫃
SHISEIDO,超聚光活膚精華粉底SPF30．PA+++,粉底液,350,專櫃
SHISEIDO,超聚光活膚精華粉底SPF30．PA+++,粉底液,360,專櫃
SHISEIDO,超進化持久粉底 SPF35·PA++++,粉底液,110,專櫃
SHISEIDO,超進化持久粉底 SPF35·PA++++,粉底液,120,專櫃
SHISEIDO,超進化持久粉底 SPF35·PA++++,粉底液,130,專櫃
SHISEIDO,超進化持久粉底 SPF35·PA++++,粉底液,140,專櫃
SHISEIDO,超進化持久粉底 SPF35·PA++++,粉底液,160,專櫃
SHISEIDO,超進化持久粉底 SPF35·PA++++,粉底液,210,專櫃
SHISEIDO,超進化持久粉底 SPF35·PA++++,粉底液,220,專櫃
SHISEIDO,超進化持久粉底 SPF35·PA++++,粉底液,240,專櫃
SHISEIDO,超進化持久粉底 SPF35·PA++++,粉底液,250,專櫃
SHISEIDO,超進化持久粉底 SPF35·PA++++,粉底液,260,專櫃
SHISEIDO,超進化光感緊緻粉底 SPF30·PA++++,粉底液,110,專櫃
SHISEIDO,超進化光感緊緻粉底 SPF30·PA++++,粉底液,120,專櫃
SHISEIDO,超進化光感緊緻粉底 SPF30·PA++++,粉底液,130,專櫃
SHISEIDO,超進化光感緊緻粉底 SPF30·PA++++,粉底液,140,專櫃
SHISEIDO,超進化光感緊緻粉底 SPF30·PA++++,粉底液,150,專櫃
SHISEIDO,超進化光感緊緻粉底 SPF30·PA++++,粉底液,160,專櫃
SHISEIDO,超進化光感緊緻粉底 SPF30·PA++++,粉底液,210,專櫃
SHISEIDO,超進化光感緊緻粉底 SPF30·PA++++,粉底液,220,專櫃
SHISEIDO,超進化光感緊緻粉底 SPF30·PA++++,粉底液,230,專櫃
SHISEIDO,超進化光感緊緻粉底 SPF30·PA++++,粉底液,240,專櫃
SHISEIDO,超進化光感緊緻粉底 SPF30·PA++++,粉底液,250,專櫃
SHISEIDO,超進化光感緊緻粉底 SPF30·PA++++,粉底液,260,專櫃
SHISEIDO,超進化光感緊緻粉底 SPF30·PA++++,粉底液,310,專櫃
SHISEIDO,超進化光感緊緻粉底 SPF30·PA++++,粉底液,320,專櫃
SHISEIDO,超進化光感緊緻粉底 SPF30·PA++++,粉底液,330,專櫃
SHISEIDO,超進化光感緊緻粉底 SPF30·PA++++,粉底液,340,專櫃
SHISEIDO,超進化光感緊緻粉底 SPF30·PA++++,粉底液,350,專櫃
SHISEIDO,超進化光感緊緻粉底 SPF30·PA++++,粉底液,360,專櫃
SHISEIDO,超進化持久粉餅 SPF35·PA++++,粉餅,110,專櫃
SHISEIDO,超進化持久粉餅 SPF35·PA++++,粉餅,130,專櫃
SHISEIDO,超進化持久粉餅 SPF35·PA++++,粉餅,160,專櫃
SHISEIDO,超進化持久粉餅 SPF35·PA++++,粉餅,220,專櫃
SHISEIDO,超進化持久粉餅 SPF35·PA++++,粉餅,250,專櫃
SHISEIDO,超進化持久粉餅 SPF35·PA++++,粉餅,310,專櫃
SHISEIDO,超進化持久粉餅 SPF35·PA++++,粉餅,340,專櫃
SHISEIDO,超進化持久粉餅 SPF35·PA++++,粉餅,350,專櫃
SHISEIDO,超進化持久粉餅 SPF35·PA++++,粉餅,360,專櫃
SHISEIDO,極上御藏光羽紗粉霜,粉底霜,Neutral 1,專櫃
SHISEIDO,極上御藏光羽紗粉霜,粉底霜,Neutral 2,專櫃
SHISEIDO,極上御藏光羽紗粉霜,粉底霜,Neutral 3,專櫃
SHISEIDO,極上御藏光羽紗粉霜,粉底霜,Golden 2,專櫃
SHISEIDO,極上御藏光羽紗粉霜,粉底霜,Golden 3,專櫃
SHISEIDO,超進化持久氣墊,氣墊,140,專櫃
SHISEIDO,超進化持久氣墊,氣墊,220,專櫃
SHISEIDO,超進化持久氣墊,氣墊,310,專櫃
SHISEIDO,超進化持久氣墊,氣墊,360,專櫃
MAYBELLINE 媚比琳,FIT ME反孔特霧粉底液,粉底液,110 PORCELAIN,開架
MAYBELLINE 媚比琳,FIT ME反孔特霧粉底液,粉底液,120 CLASSIC IVORY,開架
MAYBELLINE 媚比琳,FIT ME反孔特霧粉底液,粉底液, 122 CREAMY BEIGE,開架
MAYBELLINE 媚比琳,FIT ME反孔特霧粉底液,粉底液,115 IVORY,開架
MAYBELLINE 媚比琳,FIT ME反孔特霧粉底液,粉底液,118 LIGHT BEIGE,開架
MAYBELLINE 媚比琳,FIT ME反孔特霧粉底液,粉底液,109 LIGHT IVORY,開架
MAYBELLINE 媚比琳,FIT ME反孔特霧粉底液,粉底液,220 NATURAL BEIGE,開架
MAYBELLINE 媚比琳,FIT ME反孔特霧粉底液,粉底液,112 NATURAL IVORY,開架
MAYBELLINE 媚比琳,FIT ME反孔特霧粉底液,粉底液,125 NUDE BEIGE,開架
MAYBELLINE 媚比琳,FIT ME反孔特霧粉底液,粉底液,128 WARM NUDE,開架
MAYBELLINE 媚比琳,FIT ME水啵啵裸妝乳,其他,01,開架
MAYBELLINE 媚比琳,FIT ME水啵啵裸妝乳,其他,02,開架
MAYBELLINE 媚比琳,FIT ME水啵啵裸妝乳,其他,03,開架
MAYBELLINE 媚比琳,FIT ME水光奇蹟保濕粉底液,粉底液,110,開架
MAYBELLINE 媚比琳,FIT ME水光奇蹟保濕粉底液,粉底液,125,開架
MAYBELLINE 媚比琳,FIT ME水光奇蹟保濕粉底液,粉底液,112,開架
MAYBELLINE 媚比琳,FIT ME水光奇蹟保濕粉底液,粉底液,113,開架
MAYBELLINE 媚比琳,純淨礦物極效幻膚BB凝露 SPF50 PA++++,其他,01,開架
MAYBELLINE 媚比琳,純淨礦物極效幻膚BB凝露 SPF50 PA++++,其他,02,開架
MAYBELLINE 媚比琳,裸霧光持久水粉底 SPF12 PA+++,粉底液,C20,開架
MAYBELLINE 媚比琳,裸霧光持久水粉底 SPF12 PA+++,粉底液,N20,開架
MAYBELLINE 媚比琳,裸霧光持久水粉底 SPF12 PA+++,粉底液,N30,開架
MAYBELLINE 媚比琳,裸霧光持久水粉底 SPF12 PA+++,粉底液,W20,開架
MAYBELLINE 媚比琳,無敵特霧超持久粉底液,粉底液,112,開架
MAYBELLINE 媚比琳,無敵特霧超持久粉底液,粉底液,120,開架
MAYBELLINE 媚比琳,無敵特霧超持久粉底液,粉底液,128,開架
MAYBELLINE 媚比琳,無敵特霧超持久粉底液,粉底液,220,開架
MAYBELLINE 媚比琳,無敵特霧超持久粉底液,粉底液,110,開架
MAYBELLINE 媚比琳,FIT ME反孔特霧柔焦空氣粉餅,粉餅,109,開架
MAYBELLINE 媚比琳,FIT ME反孔特霧柔焦空氣粉餅,粉餅,112,開架
MAYBELLINE 媚比琳,FIT ME反孔特霧柔焦空氣粉餅,粉餅,118,開架
MAYBELLINE 媚比琳,FIT ME反孔特霧柔焦空氣粉餅,粉餅,120,開架
MAYBELLINE 媚比琳,無敵特霧超持久粉餅,粉餅,115,開架
MAYBELLINE 媚比琳,無敵特霧超持久粉餅,粉餅,120,開架
MAYBELLINE 媚比琳,無敵特霧超持久粉餅,粉餅,130,開架
MAYBELLINE 媚比琳,無敵特霧超持久粉餅,粉餅,220,開架
MAYBELLINE 媚比琳,媚比琳反孔特霧全進化零瑕嫩粉餅SPF44 PA++++,粉餅,110,開架
MAYBELLINE 媚比琳,媚比琳反孔特霧全進化零瑕嫩粉餅SPF44 PA++++,粉餅,112,開架
MAYBELLINE 媚比琳,媚比琳反孔特霧全進化零瑕嫩粉餅SPF44 PA++++,粉餅,118,開架
MAYBELLINE 媚比琳,媚比琳反孔特霧全進化零瑕嫩粉餅SPF44 PA++++,粉餅,123,開架
MAYBELLINE 媚比琳,清透嫩全效8合1粉餅 SPF32 PA+++,粉餅,01,開架
MAYBELLINE 媚比琳,清透嫩全效8合1粉餅 SPF32 PA+++,粉餅,02,開架
MAYBELLINE 媚比琳,清透嫩全效8合1粉餅 SPF32 PA+++,粉餅,03,開架
MAYBELLINE 媚比琳,清透嫩全效8合1粉餅 SPF32 PA+++,粉餅,04,開架
SOFINA,Prima 輕勻亮澤持妝粉底液,粉底液,OC03,開架
SOFINA,Prima 輕勻亮澤持妝粉底液,粉底液,OC05,開架
SOFINA,Primavista Ange漾緁 輕妝綺肌長效粉餅,粉餅,OC01,開架
SOFINA,Primavista Ange漾緁 輕妝綺肌長效粉餅,粉餅,OC03,開架
SOFINA,Primavista Ange漾緁 輕妝綺肌長效粉餅,粉餅,OC05,開架
SOFINA,Primavista Ange漾緁 輕妝綺肌長效粉餅,粉餅,PO03,開架
KATE 凱婷,零瑕肌密高遮瑕BB霜（保濕）,其他,EX-1 明亮色,開架
KATE 凱婷,零瑕肌密高遮瑕BB霜（保濕）,其他,EX-2 自然色,開架
KATE 凱婷,零瑕肌密高遮瑕BB霜（控油）,其他,EX-1 明亮色,開架
KATE 凱婷,零瑕肌密高遮瑕BB霜（控油）,其他,EX-2 自然色,開架
KATE 凱婷,零瑕肌密柔霧粉底液,粉底液,00,開架
KATE 凱婷,零瑕肌密柔霧粉底液,粉底液,01,開架
KATE 凱婷,零瑕肌密柔霧粉底液,粉底液,02,開架
KATE 凱婷,零瑕肌密柔霧粉底液,粉底液,03,開架
KATE 凱婷,零瑕肌密柔霧粉底液,粉底液,04,開架
KATE 凱婷,零瑕肌密柔霧粉底液,粉底液,06,開架
KATE 凱婷,零瑕肌密微光粉底液,粉底液,00,開架
KATE 凱婷,零瑕肌密微光粉底液,粉底液,01,開架
KATE 凱婷,零瑕肌密微光粉底液,粉底液,02,開架
KATE 凱婷,零瑕肌密微光粉底液,粉底液,03,開架
KATE 凱婷,零瑕肌密微光粉底液,粉底液,04,開架
KATE 凱婷,零瑕肌密微光粉底液,粉底液,06,開架
KATE 凱婷,零瑕肌密柔焦粉餅,粉餅,00,開架
KATE 凱婷,零瑕肌密柔焦粉餅,粉餅,01,開架
KATE 凱婷,零瑕肌密柔焦粉餅,粉餅,02,開架
KATE 凱婷,零瑕肌密柔焦粉餅,粉餅,03,開架
KATE 凱婷,零瑕肌密柔焦粉餅,粉餅,04,開架
KATE 凱婷,零瑕肌密柔焦粉餅,粉餅,06,開架
CLIO珂莉奧,防沾染霧光氣墊粉餅,氣墊,03,開架
CLIO珂莉奧,防沾染霧光氣墊粉餅,氣墊,04,開架
CLIO珂莉奧,玫瑰精萃亮采氣墊粉餅,氣墊,02,開架
CLIO珂莉奧,玫瑰精萃亮采氣墊粉餅,氣墊,03,開架
CLIO珂莉奧,玫瑰精萃亮采氣墊粉餅,氣墊,04,開架
CLIO珂莉奧,羽霧恆效粉底液,粉底液,02,開架
CLIO珂莉奧,羽霧恆效粉底液,粉底液,03,開架
CLIO珂莉奧,羽霧恆效粉底液,粉底液,04,開架
CLIO珂莉奧,Zoom In超持妝柔霧氣墊粉餅,氣墊,02,開架
CLIO珂莉奧,Zoom In超持妝柔霧氣墊粉餅,氣墊,03,開架
CLIO珂莉奧,Zoom In超持妝柔霧氣墊粉餅,氣墊,04,開架
CLIO珂莉奧,雙植萃溫和舒緩柔焦氣墊粉餅,氣墊,02,開架
CLIO珂莉奧,雙植萃溫和舒緩柔焦氣墊粉餅,氣墊,03,開架
CLIO珂莉奧,雙植萃溫和舒緩柔焦氣墊粉餅,氣墊,04,開架
CLIO珂莉奧,就是水嫩BB霜,其他,,開架
CLIO珂莉奧,就是水嫩CC,其他,,開架
I’M MEME,我愛神力氣墊粉餅(奶霧),氣墊,01,開架
I’M MEME,我愛神力氣墊粉餅(奶霧),氣墊,02,開架
I’M MEME,我愛神力氣墊粉餅(特霧),氣墊,01,開架
I’M MEME,我愛神力氣墊粉餅(特霧),氣墊,02,開架
Za,超磁久無瑕美肌粉底液,粉底液,OC0W,開架
Za,超磁久無瑕美肌粉底液,粉底液,OC10,開架
Za,超磁久無瑕美肌粉底液,粉底液,PO0W,開架
Za,超磁久無瑕美肌粉底液,粉底液,PO20,開架
Za,粧自然無瑕粉餅EX,粉餅,OC00,開架
Za,粧自然無瑕粉餅EX,粉餅,OC10,開架
Za,粧自然無瑕粉餅EX,粉餅,OC20,開架
Za,粧自然無瑕粉餅EX,粉餅,PO10,開架
Za,美白煥顏兩用粉餅,粉餅,20,開架
Za,美白煥顏兩用粉餅,粉餅,21,開架
Za,美白煥顏兩用粉餅,粉餅,22,開架
Za,美白煥顏兩用粉餅,粉餅,32,開架
Za,美白聚光智慧BB霜,其他,明亮色,開架
1028,極上鏡 柔光超磁水粉底SPF45 PA++,粉底液,100,開架
1028,極上鏡 柔光超磁水粉底SPF45 PA++,粉底液,105,開架
1028,極上鏡 柔光超磁水粉底SPF45 PA++,粉底液,110,開架
1028,極上鏡 柔光超磁水粉底SPF45 PA++,粉底液,115,開架
1028,極上鏡 柔光超磁水粉底SPF45 PA++,粉底液,120,開架
1028,空氣定格粉餅EX,粉餅,105柔白,開架
1028,空氣定格粉餅EX,粉餅,110粉膚,開架
1028,空氣定格粉餅EX,粉餅,120自然,開架
1028,空氣定格粉餅EX,粉餅,100白皙,開架
1028,空氣定格粉餅EX,粉餅,108嫩膚,開架
1028,空氣定格粉餅,粉餅,105,開架
1028,空氣定格粉餅,粉餅,110,開架
1028,空氣定格粉餅,粉餅,120,開架
ETUDE,長效待肌柔焦霧感氣墊粉餅,氣墊,17C1,開架
ETUDE,長效待肌柔焦霧感氣墊粉餅,氣墊,21C1,開架
ETUDE,長效待肌柔焦霧感氣墊粉餅,氣墊,17N1,開架
ETUDE,長效待肌柔焦霧感氣墊粉餅,氣墊,21N1,開架
ETUDE,長效待肌柔焦霧感氣墊粉餅,氣墊,23N1,開架
ETUDE,長效待肌柔焦霧感氣墊粉餅,氣墊,21W1,開架
ETUDE,長效待肌粉漾光感氣墊粉餅,氣墊,17C1,開架
ETUDE,長效待肌粉漾光感氣墊粉餅,氣墊,21C1,開架
ETUDE,長效待肌粉漾光感氣墊粉餅,氣墊,17N1,開架
ETUDE,長效待肌粉漾光感氣墊粉餅,氣墊,21N1,開架
ETUDE,長效待肌粉漾光感氣墊粉餅,氣墊,23N1,開架
ETUDE,長效待肌粉漾光感氣墊粉餅,氣墊,21W1,開架
ETUDE,長效待肌無瑕輕粉底,粉底液,13C1,開架
ETUDE,長效待肌無瑕輕粉底,粉底液,13N1,開架
ETUDE,長效待肌無瑕輕粉底,粉底液,17C1,開架
ETUDE,長效待肌無瑕輕粉底,粉底液,17N1,開架
ETUDE,長效待肌無瑕輕粉底,粉底液,17W1,開架
ETUDE,長效待肌無瑕輕粉底,粉底液,21C1,開架
ETUDE,長效待肌無瑕輕粉底,粉底液,21N1,開架
ETUDE,長效待肌無瑕輕粉底,粉底液,21W1,開架
ETUDE,長效待肌無瑕輕粉底,粉底液,23N1,開架
ETUDE,長效待肌無瑕輕粉底,粉底液,23W1,開架
ETUDE,長效待肌無瑕輕粉底,粉底液,25N1,開架
ETUDE,長效待肌無瑕輕粉底,粉底液,27N1,開架
ETUDE,長效待肌光澤透顏精華粉底,粉底液,P02,開架
ETUDE,長效待肌光澤透顏精華粉底,粉底液,P03,開架
ETUDE,長效待肌光澤透顏精華粉底,粉底液,P04,開架
ETUDE,長效待肌光澤透顏精華粉底,粉底液,N02,開架
ETUDE,長效待肌光澤透顏精華粉底,粉底液,N03,開架
ETUDE,長效待肌光澤透顏精華粉底,粉底液,N04,開架
ETUDE,長效待肌光澤透顏精華粉底,粉底液,N05,開架
ETUDE,長效待肌光澤透顏精華粉底,粉底液,N06,開架
ETUDE,長效待肌光澤透顏精華粉底,粉底液,N07,開架
ETUDE,長效待肌光澤透顏精華粉底,粉底液,Y03,開架
ETUDE,長效待肌光澤透顏精華粉底,粉底液,Y04,開架
ETUDE,長效待肌光澤透顏精華粉底,粉底液,Y05,開架
media 媚點,勻透煥光粉餅,粉餅,PO-B1,開架
media 媚點,勻透煥光粉餅,粉餅,OC-B1,開架
media 媚點,勻透煥光粉餅,粉餅,OC-C1,開架
media 媚點,勻透煥光粉餅,粉餅,OC-D1,開架
media 媚點,勻透煥光粉餅,粉餅,OC-E1,開架
media 媚點,極上粉嫩保濕粉底霜,粉底霜,PO-B1,開架
media 媚點,極上粉嫩保濕粉底霜,粉底霜,OC-B1,開架
media 媚點,極上粉嫩保濕粉底霜,粉底霜,OC-C1,開架
media 媚點,極上粉嫩保濕粉底霜,粉底霜,OC-D1,開架
media 媚點,極上粉嫩保濕粉底霜,粉底霜,OC-E1,開架
media 媚點,自然光感美肌BB霜,其他,01,開架
media 媚點,自然光感美肌BB霜,其他,02,開架
media 媚點,自然光感美肌BB霜,其他,03,開架
INTEGRATE櫻特芮,柔焦輕透美肌粉餅,粉餅,OC00,開架
INTEGRATE櫻特芮,柔焦輕透美肌粉餅,粉餅,OC10,開架
INTEGRATE櫻特芮,柔焦輕透美肌粉餅,粉餅,OC20,開架
INTEGRATE櫻特芮,柔焦輕透美肌粉底液,粉底液,100,開架
INTEGRATE櫻特芮,柔焦輕透美肌粉底液,粉底液,OC00,開架
INTEGRATE櫻特芮,柔焦輕透美肌粉底液,粉底液,OC10,開架
INTEGRATE櫻特芮,柔焦輕透美肌粉底液,粉底液,OC20,開架
INTEGRATE櫻特芮,勻透亮顏CC霜,其他,,開架
essence,16 hr 持久粉底液,粉底液,02,開架
essence,17 hr 持久粉底液,粉底液,03,開架
essence,18 hr 持久粉底液,粉底液,04,開架
essence,19 hr 持久粉底液,粉底液,05,開架
essence,20 hr 持久粉底液,粉底液,10,開架
essence,21 hr 持久粉底液,粉底液,20,開架
essence,輕柔膚觸粉底慕絲,其他,01,開架
essence,輕柔膚觸粉底慕絲,其他,02,開架
essence,輕柔膚觸粉底慕絲,其他,03,開架
essence,輕柔膚觸粉底慕絲,其他,04,開架
essence,輕柔膚觸粉底慕絲,其他,13,開架
essence,輕柔膚觸粉底慕絲,其他,16,開架
essence,輕柔膚觸粉底慕絲,其他,40,開架
essence,輕柔膚觸粉底慕絲,其他,43,開架
essence,輕柔膚觸粉底慕絲,其他,50,開架
essence,輕柔膚觸粉底慕絲,其他,53,開架
essence,輕柔膚觸粉底慕絲,其他,56,開架
essence,輕柔膚觸粉底慕絲,其他,60,開架
essence,輕柔膚觸粉底慕絲,其他,70,開架
essence,16h 強效遮瑕粉餅,粉餅,03,開架
essence,16h 強效遮瑕粉餅,粉餅,06,開架
essence,16h 強效遮瑕粉餅,粉餅,10,開架
essence,16h 強效遮瑕粉餅,粉餅,11,開架
catrice,瓷肌柔焦粉底液,粉底液,002,開架
catrice,瓷肌柔焦粉底液,粉底液,005,開架
catrice,瓷肌柔焦粉底液,粉底液,008,開架
catrice,瓷肌柔焦粉底液,粉底液,010,開架
catrice,瓷肌柔焦粉底液,粉底液,020,開架
catrice,瓷肌柔焦粉底液,粉底液,025,開架
catrice,瓷肌柔焦粉底液,粉底液,030,開架
catrice,瓷肌柔焦粉底液,粉底液,032,開架
catrice,瓷肌柔焦粉底液,粉底液,034,開架
catrice,瓷肌柔焦粉底液,粉底液,035,開架
catrice,瓷肌柔焦粉底液,粉底液,036,開架
catrice,瓷肌柔焦粉底液,粉底液,037,開架
catrice,瓷肌柔焦粉底液,粉底液,038,開架
catrice,瓷肌柔焦粉底液,粉底液,039,開架
catrice,瓷肌柔焦粉底液,粉底液,040,開架
catrice,瓷肌柔焦粉底液,粉底液,042,開架
catrice,瓷肌柔焦粉底液,粉底液,044,開架
catrice,瓷肌柔焦粉底液,粉底液,046,開架
catrice,瓷肌柔焦粉底液,粉底液,048,開架
catrice,瓷肌柔焦粉底液,粉底液,050,開架
catrice,瓷肌柔焦粉底液,粉底液,055,開架
catrice,瓷肌柔焦粉底液,粉底液,060,開架
catrice,瓷肌柔焦粉底液,粉底液,065,開架
catrice,瓷肌柔焦粉底液,粉底液,070,開架
catrice,瓷肌柔焦粉底液,粉底液,080,開架
catrice,瓷肌柔焦粉底液,粉底液,085,開架
catrice,瓷肌柔焦粉底液,粉底液,090,開架
catrice,瓷肌柔焦粉底液,粉底液,095,開架
catrice,瓷肌柔焦粉底液,粉底液,098,開架
catrice,Ct活潤新生粉底精華,粉底液,007,開架
catrice,Ct活潤新生粉底精華,粉底液,010,開架
catrice,Ct活潤新生粉底精華,粉底液,020,開架
catrice,Ct活潤新生粉底精華,粉底液,033,開架
Solone,柔紗精粹粉底液SPF50,粉底液,W25淺亮膚Beige,開架
Solone,柔紗精粹粉底液SPF51,粉底液,W30裸米膚Natural Beige,開架
Solone,柔紗精粹粉底液SPF52,粉底液,W40柔暖膚Ｗarm Beige,開架
KAIBEAUTY,柔光肌密水潤氣墊,氣墊,10 明亮,開架
KAIBEAUTY,柔光肌密水潤氣墊,氣墊,20 自然,開架
KAIBEAUTY,柔光肌密水潤氣墊,氣墊,30 裸沙,開架
heme,輕透柔光粉底液,粉底液,00 Fair,開架
heme,輕透柔光粉底液,粉底液,01 Ivory,開架
heme,輕透柔光粉底液,粉底液,02 Beige,開架
heme,輕透柔光粉底液,粉底液,03 Sand,開架
heme,絲霧柔光粉餅,粉餅,01 Ivory,開架
heme,絲霧柔光粉餅,粉餅,02 Beige,開架
heme,柔焦無瑕粉餅,粉餅,00 Fair,開架
heme,柔焦無瑕粉餅,粉餅,01 Ivory,開架
heme,柔焦無瑕粉餅,粉餅,02 Beige,開架
heme,柔焦無瑕粉餅,粉餅,03 Sand,開架